,city,city_ibge_code,date,epidemiological_week,estimated_population,estimated_population_2019,is_last,is_repeated,last_available_confirmed,last_available_confirmed_per_100k_inhabitants,last_available_date,last_available_death_rate,last_available_deaths,order_for_place,place_type,state,new_confirmed,new_deaths,media_movel_casos,media_movel_obitos
338477,,32.0,2020-03-05,202010,4064052.0,4018650.0,False,False,1,0.02461,2020-03-05,0.0,0,1,state,ES,1,0,,
338478,,32.0,2020-03-06,202010,4064052.0,4018650.0,False,False,1,0.02461,2020-03-06,0.0,0,2,state,ES,0,0,,
338479,,32.0,2020-03-07,202010,4064052.0,4018650.0,False,False,1,0.02461,2020-03-07,0.0,0,3,state,ES,0,0,,
338480,,32.0,2020-03-08,202011,4064052.0,4018650.0,False,False,1,0.02461,2020-03-08,0.0,0,4,state,ES,0,0,,
338481,,32.0,2020-03-09,202011,4064052.0,4018650.0,False,False,1,0.02461,2020-03-09,0.0,0,5,state,ES,0,0,,
338482,,32.0,2020-03-10,202011,4064052.0,4018650.0,False,False,1,0.02461,2020-03-10,0.0,0,6,state,ES,0,0,,
338483,,32.0,2020-03-11,202011,4064052.0,4018650.0,False,False,1,0.02461,2020-03-11,0.0,0,7,state,ES,0,0,0.14285714285714285,0.0
338484,,32.0,2020-03-12,202011,4064052.0,4018650.0,False,False,2,0.049210000000000004,2020-03-12,0.0,0,8,state,ES,1,0,0.14285714285714285,0.0
338485,,32.0,2020-03-13,202011,4064052.0,4018650.0,False,False,2,0.049210000000000004,2020-03-13,0.0,0,9,state,ES,0,0,0.14285714285714285,0.0
338486,,32.0,2020-03-14,202011,4064052.0,4018650.0,False,False,4,0.09842000000000001,2020-03-14,0.0,0,10,state,ES,2,0,0.42857142857142855,0.0
338487,,32.0,2020-03-15,202012,4064052.0,4018650.0,False,False,4,0.09842000000000001,2020-03-15,0.0,0,11,state,ES,0,0,0.42857142857142855,0.0
338488,,32.0,2020-03-16,202012,4064052.0,4018650.0,False,False,8,0.19685,2020-03-16,0.0,0,12,state,ES,4,0,1.0,0.0
338489,,32.0,2020-03-17,202012,4064052.0,4018650.0,False,False,8,0.19685,2020-03-17,0.0,0,13,state,ES,0,0,1.0,0.0
338490,,32.0,2020-03-18,202012,4064052.0,4018650.0,False,False,11,0.27066999999999997,2020-03-18,0.0,0,14,state,ES,3,0,1.4285714285714286,0.0
338494,,32.0,2020-03-19,202012,4064052.0,4018650.0,False,False,13,0.31988,2020-03-19,0.0,0,15,state,ES,2,0,1.5714285714285714,0.0
338500,,32.0,2020-03-20,202012,4064052.0,4018650.0,False,False,16,0.3937,2020-03-20,0.0,0,16,state,ES,3,0,2.0,0.0
338506,,32.0,2020-03-21,202012,4064052.0,4018650.0,False,False,26,0.63976,2020-03-21,0.0,0,17,state,ES,10,0,3.142857142857143,0.0
338512,,32.0,2020-03-22,202013,4064052.0,4018650.0,False,False,26,0.63976,2020-03-22,0.0,0,18,state,ES,0,0,3.142857142857143,0.0
338520,,32.0,2020-03-23,202013,4064052.0,4018650.0,False,False,33,0.812,2020-03-23,0.0,0,19,state,ES,7,0,3.5714285714285716,0.0
338529,,32.0,2020-03-24,202013,4064052.0,4018650.0,False,False,40,0.98424,2020-03-24,0.0,0,20,state,ES,7,0,4.571428571428571,0.0
338538,,32.0,2020-03-25,202013,4064052.0,4018650.0,False,False,40,0.98424,2020-03-25,0.0,0,21,state,ES,0,0,4.142857142857143,0.0
338548,,32.0,2020-03-26,202013,4064052.0,4018650.0,False,False,48,1.18109,2020-03-26,0.0,0,22,state,ES,8,0,5.0,0.0
338559,,32.0,2020-03-27,202013,4064052.0,4018650.0,False,False,54,1.3287200000000001,2020-03-27,0.0,0,23,state,ES,6,0,5.428571428571429,0.0
338572,,32.0,2020-03-28,202013,4064052.0,4018650.0,False,False,61,1.5009700000000001,2020-03-28,0.0,0,24,state,ES,7,0,5.0,0.0
338586,,32.0,2020-03-29,202014,4064052.0,4018650.0,False,False,72,1.77163,2020-03-29,0.0,0,25,state,ES,11,0,6.571428571428571,0.0
338600,,32.0,2020-03-30,202014,4064052.0,4018650.0,False,False,85,2.09151,2020-03-30,0.0,0,26,state,ES,13,0,7.428571428571429,0.0
338616,,32.0,2020-03-31,202014,4064052.0,4018650.0,False,False,97,2.38678,2020-03-31,0.0,0,27,state,ES,12,0,8.142857142857142,0.0
338634,,32.0,2020-04-01,202014,4064052.0,4018650.0,False,False,120,2.9527200000000002,2020-04-01,0.0,0,28,state,ES,23,0,11.428571428571429,0.0
338654,,32.0,2020-04-02,202014,4064052.0,4018650.0,False,False,139,3.42023,2020-04-02,0.0144,2,29,state,ES,19,2,13.0,0.2857142857142857
338675,,32.0,2020-04-03,202014,4064052.0,4018650.0,False,False,153,3.7647199999999996,2020-04-03,0.0327,5,30,state,ES,14,3,14.142857142857142,0.7142857142857143
338696,,32.0,2020-04-04,202014,4064052.0,4018650.0,False,False,166,4.08459,2020-04-04,0.0361,6,31,state,ES,13,1,15.0,0.8571428571428571
338717,,32.0,2020-04-05,202015,4064052.0,4018650.0,False,False,194,4.77356,2020-04-05,0.0309,6,32,state,ES,28,0,17.428571428571427,0.8571428571428571
338739,,32.0,2020-04-06,202015,4064052.0,4018650.0,False,False,209,5.14265,2020-04-06,0.0287,6,33,state,ES,15,0,17.714285714285715,0.8571428571428571
338763,,32.0,2020-04-07,202015,4064052.0,4018650.0,False,False,227,5.58556,2020-04-07,0.0264,6,34,state,ES,18,0,18.571428571428573,0.8571428571428571
338788,,32.0,2020-04-08,202015,4064052.0,4018650.0,False,False,273,6.71743,2020-04-08,0.022,6,35,state,ES,46,0,21.857142857142858,0.8571428571428571
338813,,32.0,2020-04-09,202015,4064052.0,4018650.0,False,False,300,7.3818,2020-04-09,0.0233,7,36,state,ES,27,1,23.0,0.7142857142857143
338839,,32.0,2020-04-10,202015,4064052.0,4018650.0,False,False,349,8.587489999999999,2020-04-10,0.0229,8,37,state,ES,49,1,28.0,0.42857142857142855
338866,,32.0,2020-04-11,202015,4064052.0,4018650.0,False,False,383,9.42409,2020-04-11,0.0235,9,38,state,ES,34,1,31.0,0.42857142857142855
338895,,32.0,2020-04-12,202016,4064052.0,4018650.0,False,False,430,10.58057,2020-04-12,0.0326,14,39,state,ES,47,5,33.714285714285715,1.1428571428571428
338924,,32.0,2020-04-13,202016,4064052.0,4018650.0,False,False,463,11.39257,2020-04-13,0.0367,17,40,state,ES,33,3,36.285714285714285,1.5714285714285714
338955,,32.0,2020-04-14,202016,4064052.0,4018650.0,False,False,557,13.70553,2020-04-14,0.0323,18,41,state,ES,94,1,47.142857142857146,1.7142857142857142
338988,,32.0,2020-04-15,202016,4064052.0,4018650.0,False,False,734,18.06079,2020-04-15,0.0286,21,42,state,ES,177,3,65.85714285714286,2.142857142857143
339027,,32.0,2020-04-16,202016,4064052.0,4018650.0,False,False,935,23.0066,2020-04-16,0.0299,28,43,state,ES,201,7,90.71428571428571,3.0
339066,,32.0,2020-04-17,202016,4064052.0,4018650.0,False,False,952,23.4249,2020-04-17,0.0294,28,44,state,ES,17,0,86.14285714285714,2.857142857142857
339105,,32.0,2020-04-18,202016,4064052.0,4018650.0,False,False,1099,27.04198,2020-04-18,0.0273,30,45,state,ES,147,2,102.28571428571429,3.0
339146,,32.0,2020-04-19,202017,4064052.0,4018650.0,False,False,1195,29.40415,2020-04-19,0.0285,34,46,state,ES,96,4,109.28571428571429,2.857142857142857
339187,,32.0,2020-04-20,202017,4064052.0,4018650.0,False,False,1212,29.82245,2020-04-20,0.0281,34,47,state,ES,17,0,107.0,2.4285714285714284
339232,,32.0,2020-04-21,202017,4064052.0,4018650.0,False,False,1313,32.30766,2020-04-21,0.0259,34,48,state,ES,101,0,108.0,2.2857142857142856
339277,,32.0,2020-04-22,202017,4064052.0,4018650.0,False,False,1351,33.24268,2020-04-22,0.0274,37,49,state,ES,38,3,88.14285714285714,2.2857142857142856
339322,,32.0,2020-04-23,202017,4064052.0,4018650.0,False,False,1453,35.7525,2020-04-23,0.0296,43,50,state,ES,102,6,74.0,2.142857142857143
339368,,32.0,2020-04-24,202017,4064052.0,4018650.0,False,False,1665,40.968959999999996,2020-04-24,0.0282,47,51,state,ES,212,4,101.85714285714286,2.7142857142857144
339414,,32.0,2020-04-25,202017,4064052.0,4018650.0,False,False,1711,42.100840000000005,2020-04-25,0.0304,52,52,state,ES,46,5,87.42857142857143,3.142857142857143
339462,,32.0,2020-04-26,202018,4064052.0,4018650.0,False,False,1819,44.75829,2020-04-26,0.0313,57,53,state,ES,108,5,89.14285714285714,3.2857142857142856
339510,,32.0,2020-04-27,202018,4064052.0,4018650.0,False,False,1944,47.83403,2020-04-27,0.0324,63,54,state,ES,125,6,104.57142857142857,4.142857142857143
339590,,32.0,2020-04-28,202018,4064052.0,4018650.0,False,False,2164,53.24735,2020-04-28,0.0356,77,55,state,ES,220,14,121.57142857142857,6.142857142857143
339670,,32.0,2020-04-29,202018,4064052.0,4018650.0,False,False,2538,62.44999,2020-04-29,0.0331,84,56,state,ES,374,7,169.57142857142858,6.714285714285714
339750,,32.0,2020-04-30,202018,4064052.0,4018650.0,False,False,2688,66.14089,2020-04-30,0.0346,93,57,state,ES,150,9,176.42857142857142,7.142857142857143
339830,,32.0,2020-05-01,202018,4064052.0,4018650.0,False,False,2913,71.67723000000001,2020-05-01,0.0347,101,58,state,ES,225,8,178.28571428571428,7.714285714285714
339910,,32.0,2020-05-02,202018,4064052.0,4018650.0,False,False,3104,76.37698,2020-05-02,0.0335,104,59,state,ES,191,3,199.0,7.428571428571429
339990,,32.0,2020-05-03,202019,4064052.0,4018650.0,False,False,3208,78.936,2020-05-03,0.0358,115,60,state,ES,104,11,198.42857142857142,8.285714285714286
340070,,32.0,2020-05-04,202019,4064052.0,4018650.0,False,False,3351,82.45465,2020-05-04,0.0367,123,61,state,ES,143,8,201.0,8.571428571428571
340150,,32.0,2020-05-05,202019,4064052.0,4018650.0,False,False,3540,87.10518,2020-05-05,0.0376,133,62,state,ES,189,10,196.57142857142858,8.0
340230,,32.0,2020-05-06,202019,4064052.0,4018650.0,False,False,3714,91.38663000000001,2020-05-06,0.0393,146,63,state,ES,174,13,168.0,8.857142857142858
340310,,32.0,2020-05-07,202019,4064052.0,4018650.0,False,False,3988,98.12867,2020-05-07,0.0394,157,64,state,ES,274,11,185.71428571428572,9.142857142857142
340390,,32.0,2020-05-08,202019,4064052.0,4018650.0,False,False,4242,104.37859,2020-05-08,0.0389,165,65,state,ES,254,8,189.85714285714286,9.142857142857142
340470,,32.0,2020-05-09,202019,4064052.0,4018650.0,False,False,4412,108.5616,2020-05-09,0.039,172,66,state,ES,170,7,186.85714285714286,9.714285714285714
340550,,32.0,2020-05-10,202020,4064052.0,4018650.0,False,False,4599,113.16292,2020-05-10,0.0394,181,67,state,ES,187,9,198.71428571428572,9.428571428571429
340630,,32.0,2020-05-11,202020,4064052.0,4018650.0,False,False,4819,118.57623999999998,2020-05-11,0.0407,196,68,state,ES,220,15,209.71428571428572,10.428571428571429
340710,,32.0,2020-05-12,202020,4064052.0,4018650.0,False,False,5087,125.17063999999999,2020-05-12,0.0417,212,69,state,ES,268,16,221.0,11.285714285714286
340790,,32.0,2020-05-13,202020,4064052.0,4018650.0,False,False,5401,132.89692,2020-05-13,0.0431,233,70,state,ES,314,21,241.0,12.428571428571429
340870,,32.0,2020-05-14,202020,4064052.0,4018650.0,False,False,5813,143.03458999999998,2020-05-14,0.0428,249,71,state,ES,412,16,260.7142857142857,13.142857142857142
340950,,32.0,2020-05-15,202020,4064052.0,4018650.0,False,False,6198,152.50789,2020-05-15,0.0419,260,72,state,ES,385,11,279.42857142857144,13.571428571428571
341030,,32.0,2020-05-16,202020,4064052.0,4018650.0,False,False,6595,162.27647,2020-05-16,0.0411,271,73,state,ES,397,11,311.85714285714283,14.142857142857142
341110,,32.0,2020-05-17,202021,4064052.0,4018650.0,False,False,6744,165.94276000000002,2020-05-17,0.0423,285,74,state,ES,149,14,306.42857142857144,14.857142857142858
341190,,32.0,2020-05-18,202021,4064052.0,4018650.0,False,False,7157,176.10503,2020-05-18,0.0422,302,75,state,ES,413,17,334.0,15.142857142857142
341270,,32.0,2020-05-19,202021,4064052.0,4018650.0,False,False,7693,189.29384,2020-05-19,0.0422,325,76,state,ES,536,23,372.2857142857143,16.142857142857142
341350,,32.0,2020-05-20,202021,4064052.0,4018650.0,False,False,8495,209.02784,2020-05-20,0.0407,346,77,state,ES,802,21,442.0,16.142857142857142
341430,,32.0,2020-05-21,202021,4064052.0,4018650.0,False,False,8878,218.45192999999998,2020-05-21,0.0409,363,78,state,ES,383,17,437.85714285714283,16.285714285714285
341510,,32.0,2020-05-22,202021,4064052.0,4018650.0,False,False,9520,234.24897,2020-05-22,0.0417,397,79,state,ES,642,34,474.57142857142856,19.571428571428573
341590,,32.0,2020-05-23,202021,4064052.0,4018650.0,False,False,9918,244.04215,2020-05-23,0.042,417,80,state,ES,398,20,474.7142857142857,20.857142857142858
341670,,32.0,2020-05-24,202022,4064052.0,4018650.0,False,False,10007,246.23209,2020-05-24,0.0447,447,81,state,ES,89,30,466.14285714285717,23.142857142857142
341750,,32.0,2020-05-25,202022,4064052.0,4018650.0,False,False,10365,255.04102999999998,2020-05-25,0.0449,465,82,state,ES,358,18,458.2857142857143,23.285714285714285
341830,,32.0,2020-05-26,202022,4064052.0,4018650.0,False,False,10889,267.93456000000003,2020-05-26,0.0447,487,83,state,ES,524,22,456.57142857142856,23.142857142857142
341910,,32.0,2020-05-27,202022,4064052.0,4018650.0,False,False,11484,282.57512,2020-05-27,0.0445,511,84,state,ES,595,24,427.0,23.571428571428573
341990,,32.0,2020-05-28,202022,4064052.0,4018650.0,False,False,12203,300.26682999999997,2020-05-28,0.0441,538,85,state,ES,719,27,475.0,25.0
342070,,32.0,2020-05-29,202022,4064052.0,4018650.0,False,False,12903,317.49102,2020-05-29,0.0434,560,86,state,ES,700,22,483.2857142857143,23.285714285714285
342150,,32.0,2020-05-30,202022,4064052.0,4018650.0,False,False,13437,330.63061,2020-05-30,0.0434,583,87,state,ES,534,23,502.7142857142857,23.714285714285715
342230,,32.0,2020-05-31,202023,4064052.0,4018650.0,False,False,13690,336.85593,2020-05-31,0.0441,604,88,state,ES,253,21,526.1428571428571,22.428571428571427
342310,,32.0,2020-06-01,202023,4064052.0,4018650.0,False,False,14285,351.49649,2020-06-01,0.044,628,89,state,ES,595,24,560.0,23.285714285714285
342390,,32.0,2020-06-02,202023,4064052.0,4018650.0,False,False,15151,372.80527,2020-06-02,0.0438,664,90,state,ES,866,36,608.8571428571429,25.285714285714285
342470,,32.0,2020-06-03,202023,4064052.0,4018650.0,False,False,16121,396.67307,2020-06-03,0.0433,698,91,state,ES,970,34,662.4285714285714,26.714285714285715
342550,,32.0,2020-06-04,202023,4064052.0,4018650.0,False,False,16894,415.6935,2020-06-04,0.0436,737,92,state,ES,773,39,670.1428571428571,28.428571428571427
342630,,32.0,2020-06-05,202023,4064052.0,4018650.0,False,False,18109,445.58977000000004,2020-06-05,0.0431,780,93,state,ES,1215,43,743.7142857142857,31.428571428571427
342710,,32.0,2020-06-06,202023,4064052.0,4018650.0,False,False,18950,466.2834,2020-06-06,0.0425,806,94,state,ES,841,26,787.5714285714286,31.857142857142858
342790,,32.0,2020-06-07,202024,4064052.0,4018650.0,False,False,19619,482.74481,2020-06-07,0.0424,832,95,state,ES,669,26,847.0,32.57142857142857
342870,,32.0,2020-06-08,202024,4064052.0,4018650.0,False,False,20659,508.33502999999996,2020-06-08,0.0422,871,96,state,ES,1040,39,910.5714285714286,34.714285714285715
342950,,32.0,2020-06-09,202024,4064052.0,4018650.0,False,False,21964,540.4458400000001,2020-06-09,0.0412,904,97,state,ES,1305,33,973.2857142857143,34.285714285714285
343030,,32.0,2020-06-10,202024,4064052.0,4018650.0,False,False,23391,575.55858,2020-06-10,0.0401,937,98,state,ES,1427,33,1038.5714285714287,34.142857142857146
343110,,32.0,2020-06-11,202024,4064052.0,4018650.0,False,False,24428,601.0749900000001,2020-06-11,0.0395,966,99,state,ES,1037,29,1076.2857142857142,32.714285714285715
343190,,32.0,2020-06-12,202024,4064052.0,4018650.0,False,False,25502,627.50181,2020-06-12,0.0392,999,100,state,ES,1074,33,1056.142857142857,31.285714285714285
343270,,32.0,2020-06-13,202024,4064052.0,4018650.0,False,False,26011,640.02626,2020-06-13,0.0395,1028,101,state,ES,509,29,1008.7142857142857,31.714285714285715
343350,,32.0,2020-06-14,202025,4064052.0,4018650.0,False,False,26469,651.2958,2020-06-14,0.0399,1055,102,state,ES,458,27,978.5714285714286,31.857142857142858
343430,,32.0,2020-06-15,202025,4064052.0,4018650.0,False,False,27652,680.40468,2020-06-15,0.0393,1087,103,state,ES,1183,32,999.0,30.857142857142858
343510,,32.0,2020-06-16,202025,4064052.0,4018650.0,False,False,29030,714.31173,2020-06-16,0.039,1132,104,state,ES,1378,45,1009.4285714285714,32.57142857142857
343590,,32.0,2020-06-17,202025,4064052.0,4018650.0,False,False,30507,750.65477,2020-06-17,0.0386,1179,105,state,ES,1477,47,1016.5714285714286,34.57142857142857
343670,,32.0,2020-06-18,202025,4064052.0,4018650.0,False,False,31772,781.78134,2020-06-18,0.0385,1223,106,state,ES,1265,44,1049.142857142857,36.714285714285715
343750,,32.0,2020-06-19,202025,4064052.0,4018650.0,False,False,33232,817.7060700000001,2020-06-19,0.0381,1267,107,state,ES,1460,44,1104.2857142857142,38.285714285714285
343830,,32.0,2020-06-20,202025,4064052.0,4018650.0,False,False,34238,842.45969,2020-06-20,0.0379,1297,108,state,ES,1006,30,1175.2857142857142,38.42857142857143
343910,,32.0,2020-06-21,202026,4064052.0,4018650.0,False,False,34866,857.91225,2020-06-21,0.0381,1328,109,state,ES,628,31,1199.5714285714287,39.0
343990,,32.0,2020-06-22,202026,4064052.0,4018650.0,False,False,36147,889.43252,2020-06-22,0.0384,1387,110,state,ES,1281,59,1213.5714285714287,42.857142857142854
344070,,32.0,2020-06-23,202026,4064052.0,4018650.0,False,False,36827,906.1645900000001,2020-06-23,0.0387,1425,111,state,ES,680,38,1113.857142857143,41.857142857142854
344150,,32.0,2020-06-24,202026,4064052.0,4018650.0,False,False,38483,946.9121,2020-06-24,0.038,1463,112,state,ES,1656,38,1139.4285714285713,40.57142857142857
344230,,32.0,2020-06-25,202026,4064052.0,4018650.0,False,False,40406,994.2294,2020-06-25,0.0369,1490,113,state,ES,1923,27,1233.4285714285713,38.142857142857146
344310,,32.0,2020-06-26,202026,4064052.0,4018650.0,False,False,41652,1024.88846,2020-06-26,0.0362,1507,114,state,ES,1246,17,1202.857142857143,34.285714285714285
344390,,32.0,2020-06-27,202026,4064052.0,4018650.0,False,True,41652,1024.88846,2020-06-26,0.0362,1507,115,state,ES,0,0,1059.142857142857,30.0
344470,,32.0,2020-06-28,202027,4064052.0,4018650.0,False,False,43683,1074.86322,2020-06-28,0.0358,1566,116,state,ES,2031,59,1259.5714285714287,34.0
344550,,32.0,2020-06-29,202027,4064052.0,4018650.0,False,False,45097,1109.65608,2020-06-29,0.0359,1620,117,state,ES,1414,54,1278.5714285714287,33.285714285714285
344630,,32.0,2020-06-30,202027,4064052.0,4018650.0,False,False,46893,1153.84843,2020-06-30,0.0351,1647,118,state,ES,1796,27,1438.0,31.714285714285715
344710,,32.0,2020-07-01,202027,4064052.0,4018650.0,False,False,48821,1201.28876,2020-07-01,0.0347,1692,119,state,ES,1928,45,1476.857142857143,32.714285714285715
344790,,32.0,2020-07-02,202027,4064052.0,4018650.0,False,False,50242,1236.25387,2020-07-02,0.0344,1727,120,state,ES,1421,35,1405.142857142857,33.857142857142854
344870,,32.0,2020-07-03,202027,4064052.0,4018650.0,False,False,51689,1271.8587300000002,2020-07-03,0.034,1758,121,state,ES,1447,31,1433.857142857143,35.857142857142854
344950,,32.0,2020-07-04,202027,4064052.0,4018650.0,False,False,52824,1299.7865199999999,2020-07-04,0.0337,1781,122,state,ES,1135,23,1596.0,39.142857142857146
345030,,32.0,2020-07-05,202028,4064052.0,4018650.0,False,False,53393,1313.78732,2020-07-05,0.0338,1803,123,state,ES,569,22,1387.142857142857,33.857142857142854
345110,,32.0,2020-07-06,202028,4064052.0,4018650.0,False,False,54547,1342.18263,2020-07-06,0.0337,1836,124,state,ES,1154,33,1350.0,30.857142857142858
345190,,32.0,2020-07-07,202028,4064052.0,4018650.0,False,False,56703,1395.23313,2020-07-07,0.0331,1879,125,state,ES,2156,43,1401.4285714285713,33.142857142857146
345270,,32.0,2020-07-08,202028,4064052.0,4018650.0,False,False,58841,1447.8407300000001,2020-07-08,0.0325,1912,126,state,ES,2138,33,1431.4285714285713,31.428571428571427
345350,,32.0,2020-07-09,202028,4064052.0,4018650.0,False,False,60009,1476.58052,2020-07-09,0.0321,1929,127,state,ES,1168,17,1395.2857142857142,28.857142857142858
345430,,32.0,2020-07-10,202028,4064052.0,4018650.0,False,False,61361,1509.84781,2020-07-10,0.0321,1967,128,state,ES,1352,38,1381.7142857142858,29.857142857142858
345510,,32.0,2020-07-11,202028,4064052.0,4018650.0,False,False,62393,1535.24118,2020-07-11,0.032,1995,129,state,ES,1032,28,1367.0,30.571428571428573
345590,,32.0,2020-07-12,202029,4064052.0,4018650.0,False,False,62873,1547.05206,2020-07-12,0.032,2010,130,state,ES,480,15,1354.2857142857142,29.571428571428573
345670,,32.0,2020-07-13,202029,4064052.0,4018650.0,False,False,63881,1571.85489,2020-07-13,0.0319,2040,131,state,ES,1008,30,1333.4285714285713,29.142857142857142
345750,,32.0,2020-07-14,202029,4064052.0,4018650.0,False,False,65213,1604.63006,2020-07-14,0.0319,2082,132,state,ES,1332,42,1215.7142857142858,29.0
345830,,32.0,2020-07-15,202029,4064052.0,4018650.0,False,False,66352,1632.6562800000002,2020-07-15,0.0316,2096,133,state,ES,1139,14,1073.0,26.285714285714285
345910,,32.0,2020-07-16,202029,4064052.0,4018650.0,False,False,68118,1676.11044,2020-07-16,0.0314,2136,134,state,ES,1766,40,1158.4285714285713,29.571428571428573
345990,,32.0,2020-07-17,202029,4064052.0,4018650.0,False,False,69463,1709.2054899999998,2020-07-17,0.0313,2174,135,state,ES,1345,38,1157.4285714285713,29.571428571428573
346070,,32.0,2020-07-18,202029,4064052.0,4018650.0,False,False,70131,1725.6422899999998,2020-07-18,0.0314,2202,136,state,ES,668,28,1105.4285714285713,29.571428571428573
346150,,32.0,2020-07-19,202030,4064052.0,4018650.0,False,False,70609,1737.40395,2020-07-19,0.0315,2222,137,state,ES,478,20,1105.142857142857,30.285714285714285
346230,,32.0,2020-07-20,202030,4064052.0,4018650.0,False,False,71703,1764.3229,2020-07-20,0.0315,2256,138,state,ES,1094,34,1117.4285714285713,30.857142857142858
346310,,32.0,2020-07-21,202030,4064052.0,4018650.0,False,False,72605,1786.5175,2020-07-21,0.0314,2280,139,state,ES,902,24,1056.0,28.285714285714285
346390,,32.0,2020-07-22,202030,4064052.0,4018650.0,False,False,73755,1814.81438,2020-07-22,0.0313,2308,140,state,ES,1150,28,1057.5714285714287,30.285714285714285
346470,,32.0,2020-07-23,202030,4064052.0,4018650.0,False,False,74610,1835.8524899999998,2020-07-23,0.0314,2341,141,state,ES,855,33,927.4285714285714,29.285714285714285
346550,,32.0,2020-07-24,202030,4064052.0,4018650.0,False,False,75854,1866.4623399999998,2020-07-24,0.0313,2373,142,state,ES,1244,32,913.0,28.428571428571427
346630,,32.0,2020-07-25,202030,4064052.0,4018650.0,False,False,76598,1884.7691899999998,2020-07-25,0.0311,2386,143,state,ES,744,13,923.8571428571429,26.285714285714285
346710,,32.0,2020-07-26,202031,4064052.0,4018650.0,False,False,77201,1899.6066,2020-07-26,0.0312,2411,144,state,ES,603,25,941.7142857142857,27.0
346790,,32.0,2020-07-27,202031,4064052.0,4018650.0,False,False,78180,1923.69586,2020-07-27,0.0312,2437,145,state,ES,979,26,925.2857142857143,25.857142857142858
346870,,32.0,2020-07-28,202031,4064052.0,4018650.0,False,False,79468,1955.38837,2020-07-28,0.031,2462,146,state,ES,1288,25,980.4285714285714,26.0
346950,,32.0,2020-07-29,202031,4064052.0,4018650.0,False,False,80647,1984.39882,2020-07-29,0.0309,2490,147,state,ES,1179,28,984.5714285714286,26.0
347030,,32.0,2020-07-30,202031,4064052.0,4018650.0,False,False,81886,2014.8856399999997,2020-07-30,0.0307,2514,148,state,ES,1239,24,1039.4285714285713,24.714285714285715
347110,,32.0,2020-07-31,202031,4064052.0,4018650.0,False,False,83292,2049.48165,2020-07-31,0.0305,2544,149,state,ES,1406,30,1062.5714285714287,24.428571428571427
347190,,32.0,2020-08-01,202031,4064052.0,4018650.0,False,False,83814,2062.32597,2020-08-01,0.0306,2565,150,state,ES,522,21,1030.857142857143,25.571428571428573
347270,,32.0,2020-08-02,202032,4064052.0,4018650.0,False,False,84255,2073.1772100000003,2020-08-02,0.0306,2578,151,state,ES,441,13,1007.7142857142857,23.857142857142858
347350,,32.0,2020-08-03,202032,4064052.0,4018650.0,False,False,85215,2096.79896,2020-08-03,0.0305,2600,152,state,ES,960,22,1005.0,23.285714285714285
347430,,32.0,2020-08-04,202032,4064052.0,4018650.0,False,False,86209,2121.25731,2020-08-04,0.0305,2627,153,state,ES,994,27,963.0,23.571428571428573
347510,,32.0,2020-08-05,202032,4064052.0,4018650.0,False,False,87243,2146.69989,2020-08-05,0.0303,2646,154,state,ES,1034,19,942.2857142857143,22.285714285714285
347590,,32.0,2020-08-06,202032,4064052.0,4018650.0,False,False,88543,2178.68767,2020-08-06,0.0301,2666,155,state,ES,1300,20,951.0,21.714285714285715
347670,,32.0,2020-08-07,202032,4064052.0,4018650.0,False,False,89923,2212.64393,2020-08-07,0.03,2698,156,state,ES,1380,32,947.2857142857143,22.0
347750,,32.0,2020-08-08,202032,4064052.0,4018650.0,False,False,91146,2242.73705,2020-08-08,0.0298,2720,157,state,ES,1223,22,1047.4285714285713,22.142857142857142
347830,,32.0,2020-08-09,202033,4064052.0,4018650.0,False,False,91791,2258.60791,2020-08-09,0.0298,2735,158,state,ES,645,15,1076.5714285714287,22.428571428571427
347910,,32.0,2020-08-10,202033,4064052.0,4018650.0,False,False,93069,2290.05436,2020-08-10,0.0297,2764,159,state,ES,1278,29,1122.0,23.428571428571427
347990,,32.0,2020-08-11,202033,4064052.0,4018650.0,False,False,94478,2324.72419,2020-08-11,0.0295,2783,160,state,ES,1409,19,1181.2857142857142,22.285714285714285
348070,,32.0,2020-08-12,202033,4064052.0,4018650.0,False,False,95753,2356.0968199999998,2020-08-12,0.0293,2804,161,state,ES,1275,21,1215.7142857142858,22.571428571428573
348150,,32.0,2020-08-13,202033,4064052.0,4018650.0,False,False,96949,2385.52558,2020-08-13,0.0291,2823,162,state,ES,1196,19,1200.857142857143,22.428571428571427
348230,,32.0,2020-08-14,202033,4064052.0,4018650.0,False,False,98106,2413.9947,2020-08-14,0.029,2849,163,state,ES,1157,26,1169.0,21.571428571428573
348310,,32.0,2020-08-15,202033,4064052.0,4018650.0,False,False,98765,2430.21005,2020-08-15,0.029,2863,164,state,ES,659,14,1088.4285714285713,20.428571428571427
348390,,32.0,2020-08-16,202034,4064052.0,4018650.0,False,False,99580,2450.26392,2020-08-16,0.0289,2874,165,state,ES,815,11,1112.7142857142858,19.857142857142858
348470,,32.0,2020-08-17,202034,4064052.0,4018650.0,False,False,100859,2481.73498,2020-08-17,0.0288,2907,166,state,ES,1279,33,1112.857142857143,20.428571428571427
348550,,32.0,2020-08-18,202034,4064052.0,4018650.0,False,False,101874,2506.71005,2020-08-18,0.0288,2937,167,state,ES,1015,30,1056.5714285714287,22.0
348630,,32.0,2020-08-19,202034,4064052.0,4018650.0,False,False,103090,2536.6309300000003,2020-08-19,0.0287,2963,168,state,ES,1216,26,1048.142857142857,22.714285714285715
348710,,32.0,2020-08-20,202034,4064052.0,4018650.0,False,False,104169,2563.18079,2020-08-20,0.0286,2979,169,state,ES,1079,16,1031.4285714285713,22.285714285714285
348790,,32.0,2020-08-21,202034,4064052.0,4018650.0,False,False,104988,2583.3330899999996,2020-08-21,0.0286,3002,170,state,ES,819,23,983.1428571428571,21.857142857142858
348870,,32.0,2020-08-22,202034,4064052.0,4018650.0,False,False,105633,2599.20395,2020-08-22,0.0285,3015,171,state,ES,645,13,981.1428571428571,21.714285714285715
348950,,32.0,2020-08-23,202035,4064052.0,4018650.0,False,False,105888,2605.47847,2020-08-23,0.0286,3026,172,state,ES,255,11,901.1428571428571,21.714285714285715
349030,,32.0,2020-08-24,202035,4064052.0,4018650.0,False,False,106494,2620.3897,2020-08-24,0.0286,3045,173,state,ES,606,19,805.0,19.714285714285715
349110,,32.0,2020-08-25,202035,4064052.0,4018650.0,False,False,107191,2637.54007,2020-08-25,0.0286,3068,174,state,ES,697,23,759.5714285714286,18.714285714285715
349190,,32.0,2020-08-26,202035,4064052.0,4018650.0,False,False,107909,2655.20717,2020-08-26,0.0286,3086,175,state,ES,718,18,688.4285714285714,17.571428571428573
349270,,32.0,2020-08-27,202035,4064052.0,4018650.0,False,False,108662,2673.73547,2020-08-27,0.0286,3105,176,state,ES,753,19,641.8571428571429,18.0
349350,,32.0,2020-08-28,202035,4064052.0,4018650.0,False,False,109493,2694.18305,2020-08-28,0.0285,3117,177,state,ES,831,12,643.5714285714286,16.428571428571427
349430,,32.0,2020-08-29,202035,4064052.0,4018650.0,False,False,110025,2707.27343,2020-08-29,0.0284,3129,178,state,ES,532,12,627.4285714285714,16.285714285714285
349510,,32.0,2020-08-30,202036,4064052.0,4018650.0,False,False,110351,2715.29498,2020-08-30,0.0284,3135,179,state,ES,326,6,637.5714285714286,15.571428571428571
349590,,32.0,2020-08-31,202036,4064052.0,4018650.0,False,False,111263,2737.73564,2020-08-31,0.0284,3158,180,state,ES,912,23,681.2857142857143,16.142857142857142
349670,,32.0,2020-09-01,202036,4064052.0,4018650.0,False,False,112072,2757.64188,2020-09-01,0.0284,3184,181,state,ES,809,26,697.2857142857143,16.571428571428573
349750,,32.0,2020-09-02,202036,4064052.0,4018650.0,False,False,112827,2776.2194,2020-09-02,0.0284,3204,182,state,ES,755,20,702.5714285714286,16.857142857142858
349830,,32.0,2020-09-03,202036,4064052.0,4018650.0,False,False,113759,2799.15218,2020-09-03,0.0283,3221,183,state,ES,932,17,728.1428571428571,16.571428571428573
349910,,32.0,2020-09-04,202036,4064052.0,4018650.0,False,False,114700,2822.30641,2020-09-04,0.0282,3235,184,state,ES,941,14,743.8571428571429,16.857142857142858
349990,,32.0,2020-09-05,202036,4064052.0,4018650.0,False,False,115172,2833.92043,2020-09-05,0.0281,3242,185,state,ES,472,7,735.2857142857143,16.142857142857142
350070,,32.0,2020-09-06,202037,4064052.0,4018650.0,False,False,115172,2833.92043,2020-09-06,0.0281,3242,186,state,ES,0,0,688.7142857142857,15.285714285714286
350150,,32.0,2020-09-07,202037,4064052.0,4018650.0,False,False,115793,2849.20075,2020-09-07,0.0282,3268,187,state,ES,621,26,647.1428571428571,15.714285714285714
350230,,32.0,2020-09-08,202037,4064052.0,4018650.0,False,False,116578,2868.51645,2020-09-08,0.0282,3286,188,state,ES,785,18,643.7142857142857,14.571428571428571
350310,,32.0,2020-09-09,202037,4064052.0,4018650.0,False,False,117270,2885.5437899999997,2020-09-09,0.0281,3298,189,state,ES,692,12,634.7142857142857,13.428571428571429
350390,,32.0,2020-09-10,202037,4064052.0,4018650.0,False,False,118138,2906.90178,2020-09-10,0.0281,3314,190,state,ES,868,16,625.5714285714286,13.285714285714286
350470,,32.0,2020-09-11,202037,4064052.0,4018650.0,False,False,118814,2923.53543,2020-09-11,0.028,3332,191,state,ES,676,18,587.7142857142857,13.857142857142858
350550,,32.0,2020-09-12,202037,4064052.0,4018650.0,False,False,119354,2936.8226600000003,2020-09-12,0.028,3338,192,state,ES,540,6,597.4285714285714,13.714285714285714
350630,,32.0,2020-09-13,202038,4064052.0,4018650.0,False,False,119548,2941.59622,2020-09-13,0.028,3346,193,state,ES,194,8,625.1428571428571,14.857142857142858
350710,,32.0,2020-09-14,202038,4064052.0,4018650.0,False,False,120252,2958.91883,2020-09-14,0.0279,3359,194,state,ES,704,13,637.0,13.0
350790,,32.0,2020-09-15,202038,4064052.0,4018650.0,False,False,120974,2976.68435,2020-09-15,0.0279,3376,195,state,ES,722,17,628.0,12.857142857142858
350870,,32.0,2020-09-16,202038,4064052.0,4018650.0,False,False,121710,2994.7943600000003,2020-09-16,0.0278,3388,196,state,ES,736,12,634.2857142857143,12.857142857142858
350950,,32.0,2020-09-17,202038,4064052.0,4018650.0,False,False,122471,3013.51951,2020-09-17,0.0278,3399,197,state,ES,761,11,619.0,12.142857142857142
351030,,32.0,2020-09-18,202038,4064052.0,4018650.0,False,False,123273,3033.25351,2020-09-18,0.0276,3404,198,state,ES,802,5,637.0,10.285714285714286
351110,,32.0,2020-09-19,202038,4064052.0,4018650.0,False,False,123720,3044.2523899999997,2020-09-19,0.0275,3408,199,state,ES,447,4,623.7142857142857,10.0
351190,,32.0,2020-09-20,202039,4064052.0,4018650.0,False,False,124291,3058.3024,2020-09-20,0.0275,3422,200,state,ES,571,14,677.5714285714286,10.857142857142858
351270,,32.0,2020-09-21,202039,4064052.0,4018650.0,False,False,125185,3080.30015,2020-09-21,0.0274,3432,201,state,ES,894,10,704.7142857142857,10.428571428571429
351350,,32.0,2020-09-22,202039,4064052.0,4018650.0,False,False,125871,3097.17986,2020-09-22,0.0274,3444,202,state,ES,686,12,699.5714285714286,9.714285714285714
351430,,32.0,2020-09-23,202039,4064052.0,4018650.0,False,False,126606,3115.26526,2020-09-23,0.0273,3452,203,state,ES,735,8,699.4285714285714,9.142857142857142
351510,,32.0,2020-09-24,202039,4064052.0,4018650.0,False,False,127368,3134.01502,2020-09-24,0.0272,3459,204,state,ES,762,7,699.5714285714286,8.571428571428571
351590,,32.0,2020-09-25,202039,4064052.0,4018650.0,False,False,128265,3156.08659,2020-09-25,0.0272,3485,205,state,ES,897,26,713.1428571428571,11.571428571428571
351670,,32.0,2020-09-26,202039,4064052.0,4018650.0,False,False,128722,3167.3315199999997,2020-09-26,0.0271,3492,206,state,ES,457,7,714.5714285714286,12.0
351750,,32.0,2020-09-27,202040,4064052.0,4018650.0,False,False,129192,3178.89633,2020-09-27,0.0271,3504,207,state,ES,470,12,700.1428571428571,11.714285714285714
351830,,32.0,2020-09-28,202040,4064052.0,4018650.0,False,False,129796,3193.75835,2020-09-28,0.0272,3524,208,state,ES,604,20,658.7142857142857,13.142857142857142
351910,,32.0,2020-09-29,202040,4064052.0,4018650.0,False,False,130714,3216.3466399999998,2020-09-29,0.0271,3538,209,state,ES,918,14,691.8571428571429,13.428571428571429
351990,,32.0,2020-09-30,202040,4064052.0,4018650.0,False,False,131490,3235.44089,2020-09-30,0.027,3545,210,state,ES,776,7,697.7142857142857,13.285714285714286
352070,,32.0,2020-10-01,202040,4064052.0,4018650.0,False,False,132350,3256.60203,2020-10-01,0.0268,3551,211,state,ES,860,6,711.7142857142857,13.142857142857142
352150,,32.0,2020-10-02,202040,4064052.0,4018650.0,False,False,133025,3273.21107,2020-10-02,0.0268,3564,212,state,ES,675,13,680.0,11.285714285714286
352230,,32.0,2020-10-03,202040,4064052.0,4018650.0,False,False,133744,3290.90277,2020-10-03,0.0267,3572,213,state,ES,719,8,717.4285714285714,11.428571428571429
352310,,32.0,2020-10-04,202041,4064052.0,4018650.0,False,False,134296,3304.48528,2020-10-04,0.0267,3580,214,state,ES,552,8,729.1428571428571,10.857142857142858
352390,,32.0,2020-10-05,202041,4064052.0,4018650.0,False,False,135001,3321.8325,2020-10-05,0.0266,3594,215,state,ES,705,14,743.5714285714286,10.0
352470,,32.0,2020-10-06,202041,4064052.0,4018650.0,False,False,135850,3342.72298,2020-10-06,0.0265,3604,216,state,ES,849,10,733.7142857142857,9.428571428571429
352550,,32.0,2020-10-07,202041,4064052.0,4018650.0,False,False,136590,3360.93141,2020-10-07,0.0265,3617,217,state,ES,740,13,728.5714285714286,10.285714285714286
352630,,32.0,2020-10-08,202041,4064052.0,4018650.0,False,False,137330,3379.1398299999996,2020-10-08,0.0264,3628,218,state,ES,740,11,711.4285714285714,11.0
352710,,32.0,2020-10-09,202041,4064052.0,4018650.0,False,False,138099,3398.06184,2020-10-09,0.0264,3640,219,state,ES,769,12,724.8571428571429,10.857142857142858
352790,,32.0,2020-10-10,202041,4064052.0,4018650.0,False,False,138462,3406.99381,2020-10-10,0.0263,3646,220,state,ES,363,6,674.0,10.571428571428571
352870,,32.0,2020-10-11,202042,4064052.0,4018650.0,False,False,138933,3418.5832299999997,2020-10-11,0.0263,3650,221,state,ES,471,4,662.4285714285714,10.0
352950,,32.0,2020-10-12,202042,4064052.0,4018650.0,False,False,139755,3438.80935,2020-10-12,0.0262,3659,222,state,ES,822,9,679.1428571428571,9.285714285714286
353030,,32.0,2020-10-13,202042,4064052.0,4018650.0,False,False,140701,3462.0866100000003,2020-10-13,0.0262,3680,223,state,ES,946,21,693.0,10.857142857142858
353110,,32.0,2020-10-14,202042,4064052.0,4018650.0,False,False,141548,3482.9278799999997,2020-10-14,0.0261,3689,224,state,ES,847,9,708.2857142857143,10.285714285714286
353190,,32.0,2020-10-15,202042,4064052.0,4018650.0,False,False,142419,3504.35969,2020-10-15,0.0259,3694,225,state,ES,871,5,727.0,9.428571428571429
353270,,32.0,2020-10-16,202042,4064052.0,4018650.0,False,False,143093,3520.94412,2020-10-16,0.0259,3704,226,state,ES,674,10,713.4285714285714,9.142857142857142
353350,,32.0,2020-10-17,202042,4064052.0,4018650.0,False,False,143954,3542.12987,2020-10-17,0.0258,3709,227,state,ES,861,5,784.5714285714286,9.0
353430,,32.0,2020-10-18,202043,4064052.0,4018650.0,False,False,144415,3553.4732299999996,2020-10-18,0.0257,3713,228,state,ES,461,4,783.1428571428571,9.0
353510,,32.0,2020-10-19,202043,4064052.0,4018650.0,False,False,145415,3578.07922,2020-10-19,0.0256,3728,229,state,ES,1000,15,808.5714285714286,9.857142857142858
353590,,32.0,2020-10-20,202043,4064052.0,4018650.0,False,False,146233,3598.2069100000003,2020-10-20,0.0256,3740,230,state,ES,818,12,790.2857142857143,8.571428571428571
353670,,32.0,2020-10-21,202043,4064052.0,4018650.0,False,False,147395,3626.7990700000005,2020-10-21,0.0255,3755,231,state,ES,1162,15,835.2857142857143,9.428571428571429
353750,,32.0,2020-10-22,202043,4064052.0,4018650.0,False,False,148055,3643.03902,2020-10-22,0.0254,3767,232,state,ES,660,12,805.1428571428571,10.428571428571429
353830,,32.0,2020-10-23,202043,4064052.0,4018650.0,False,False,149149,3669.95796,2020-10-23,0.0253,3773,233,state,ES,1094,6,865.1428571428571,9.857142857142858
353910,,32.0,2020-10-24,202043,4064052.0,4018650.0,False,False,149654,3682.38399,2020-10-24,0.0253,3780,234,state,ES,505,7,814.2857142857143,10.142857142857142
353990,,32.0,2020-10-25,202044,4064052.0,4018650.0,False,False,150317,3698.69775,2020-10-25,0.0252,3787,235,state,ES,663,7,843.1428571428571,10.571428571428571
354070,,32.0,2020-10-26,202044,4064052.0,4018650.0,False,False,151276,3722.2948899999997,2020-10-26,0.0251,3799,236,state,ES,959,12,837.2857142857143,10.142857142857142
354150,,32.0,2020-10-27,202044,4064052.0,4018650.0,False,False,152216,3745.4245200000005,2020-10-27,0.0251,3817,237,state,ES,940,18,854.7142857142857,11.0
354230,,32.0,2020-10-28,202044,4064052.0,4018650.0,False,False,153004,3764.8140299999995,2020-10-28,0.025,3826,238,state,ES,788,9,801.2857142857143,10.142857142857142
354310,,32.0,2020-10-29,202044,4064052.0,4018650.0,False,False,154131,3792.5449799999997,2020-10-29,0.0249,3841,239,state,ES,1127,15,868.0,10.571428571428571
354390,,32.0,2020-10-30,202044,4064052.0,4018650.0,False,False,154736,3807.4316,2020-10-30,0.0249,3847,240,state,ES,605,6,798.1428571428571,10.571428571428571
354470,,32.0,2020-10-31,202044,4064052.0,4018650.0,False,False,155721,3831.66849,2020-10-31,0.0248,3855,241,state,ES,985,8,866.7142857142857,10.714285714285714
354550,,32.0,2020-11-01,202045,4064052.0,4018650.0,False,False,156018,3838.9764700000005,2020-11-01,0.0248,3862,242,state,ES,297,7,814.4285714285714,10.714285714285714
354630,,32.0,2020-11-02,202045,4064052.0,4018650.0,False,False,156681,3855.29024,2020-11-02,0.0247,3863,243,state,ES,663,1,772.1428571428571,9.142857142857142
354710,,32.0,2020-11-03,202045,4064052.0,4018650.0,False,False,157750,3881.5940299999997,2020-11-03,0.0246,3876,244,state,ES,1069,13,790.5714285714286,8.428571428571429
354790,,32.0,2020-11-04,202045,4064052.0,4018650.0,False,False,158768,3906.6429299999995,2020-11-04,0.0245,3884,245,state,ES,1018,8,823.4285714285714,8.285714285714286
354870,,32.0,2020-11-05,202045,4064052.0,4018650.0,False,False,159813,3932.3561799999998,2020-11-05,0.0244,3896,246,state,ES,1045,12,811.7142857142857,7.857142857142857
354950,,32.0,2020-11-06,202045,4064052.0,4018650.0,False,False,160890,3958.8568299999997,2020-11-06,0.0243,3910,247,state,ES,1077,14,879.1428571428571,9.0
355030,,32.0,2020-11-07,202045,4064052.0,4018650.0,False,False,161208,3966.68153,2020-11-07,0.0243,3919,248,state,ES,318,9,783.8571428571429,9.142857142857142
355110,,32.0,2020-11-08,202046,4064052.0,4018650.0,False,False,162428,3996.7008299999998,2020-11-08,0.0242,3926,249,state,ES,1220,7,915.7142857142857,9.142857142857142
355190,,32.0,2020-11-09,202046,4064052.0,4018650.0,False,False,163072,4012.54708,2020-11-09,0.0241,3938,250,state,ES,644,12,913.0,10.714285714285714
355270,,32.0,2020-11-10,202046,4064052.0,4018650.0,False,False,164659,4051.59678,2020-11-10,0.024,3953,251,state,ES,1587,15,987.0,11.0
355350,,32.0,2020-11-11,202046,4064052.0,4018650.0,False,False,165688,4076.9163399999998,2020-11-11,0.024,3969,252,state,ES,1029,16,988.5714285714286,12.142857142857142
355430,,32.0,2020-11-12,202046,4064052.0,4018650.0,False,False,166999,4109.174779999999,2020-11-12,0.0238,3982,253,state,ES,1311,13,1026.5714285714287,12.285714285714286
355510,,32.0,2020-11-13,202046,4064052.0,4018650.0,False,False,168358,4142.614320000001,2020-11-13,0.0237,3993,254,state,ES,1359,11,1066.857142857143,11.857142857142858
355590,,32.0,2020-11-14,202046,4064052.0,4018650.0,False,False,168839,4154.4498,2020-11-14,0.0237,3998,255,state,ES,481,5,1090.142857142857,11.285714285714286
355670,,32.0,2020-11-15,202047,4064052.0,4018650.0,False,False,169928,4181.24571,2020-11-15,0.0236,4009,256,state,ES,1089,11,1071.4285714285713,11.857142857142858
355750,,32.0,2020-11-16,202047,4064052.0,4018650.0,False,False,171237,4213.45495,2020-11-16,0.0235,4030,257,state,ES,1309,21,1166.4285714285713,13.142857142857142
355830,,32.0,2020-11-17,202047,4064052.0,4018650.0,False,False,172924,4254.9652399999995,2020-11-17,0.0233,4037,258,state,ES,1687,7,1180.7142857142858,12.0
355910,,32.0,2020-11-18,202047,4064052.0,4018650.0,False,False,174238,4287.29751,2020-11-18,0.0233,4058,259,state,ES,1314,21,1221.4285714285713,12.714285714285714
355990,,32.0,2020-11-19,202047,4064052.0,4018650.0,False,False,175300,4313.42906,2020-11-19,0.0233,4082,260,state,ES,1062,24,1185.857142857143,14.285714285714286
356070,,32.0,2020-11-20,202047,4064052.0,4018650.0,False,False,176903,4352.87245,2020-11-20,0.0232,4101,261,state,ES,1603,19,1220.7142857142858,15.428571428571429
356150,,32.0,2020-11-21,202047,4064052.0,4018650.0,False,False,177486,4367.21774,2020-11-21,0.0232,4114,262,state,ES,583,13,1235.2857142857142,16.571428571428573
356230,,32.0,2020-11-22,202048,4064052.0,4018650.0,False,False,178159,4383.77757,2020-11-22,0.0232,4128,263,state,ES,673,14,1175.857142857143,17.0
356310,,32.0,2020-11-23,202048,4064052.0,4018650.0,False,False,179517,4417.1925,2020-11-23,0.0231,4149,264,state,ES,1358,21,1182.857142857143,17.0
356390,,32.0,2020-11-24,202048,4064052.0,4018650.0,False,False,181306,4461.2126,2020-11-24,0.023,4172,265,state,ES,1789,23,1197.4285714285713,19.285714285714285
356470,,32.0,2020-11-25,202048,4064052.0,4018650.0,False,False,182855,4499.327270000001,2020-11-25,0.0229,4186,266,state,ES,1549,14,1231.0,18.285714285714285
356550,,32.0,2020-11-26,202048,4064052.0,4018650.0,False,False,184801,4547.2105200000005,2020-11-26,0.0228,4207,267,state,ES,1946,21,1357.2857142857142,17.857142857142858
356630,,32.0,2020-11-27,202048,4064052.0,4018650.0,False,False,186574,4590.8369299999995,2020-11-27,0.0226,4224,268,state,ES,1773,17,1381.5714285714287,17.571428571428573
356710,,32.0,2020-11-28,202048,4064052.0,4018650.0,False,False,188342,4634.3403100000005,2020-11-28,0.0225,4245,269,state,ES,1768,21,1550.857142857143,18.714285714285715
356790,,32.0,2020-11-29,202049,4064052.0,4018650.0,False,False,188929,4648.78402,2020-11-29,0.0225,4252,270,state,ES,587,7,1538.5714285714287,17.714285714285715
356870,,32.0,2020-11-30,202049,4064052.0,4018650.0,False,False,190001,4675.16164,2020-11-30,0.0225,4279,271,state,ES,1072,27,1497.7142857142858,18.571428571428573
356950,,32.0,2020-12-01,202049,4064052.0,4018650.0,False,False,191973,4723.6846399999995,2020-12-01,0.0224,4296,272,state,ES,1972,17,1523.857142857143,17.714285714285715
357030,,32.0,2020-12-02,202049,4064052.0,4018650.0,False,False,193825,4769.25492,2020-12-02,0.0223,4322,273,state,ES,1852,26,1567.142857142857,19.428571428571427
357110,,32.0,2020-12-03,202049,4064052.0,4018650.0,False,False,195437,4808.91977,2020-12-03,0.0223,4349,274,state,ES,1612,27,1519.4285714285713,20.285714285714285
357190,,32.0,2020-12-04,202049,4064052.0,4018650.0,False,False,197104,4849.93794,2020-12-04,0.0222,4373,275,state,ES,1667,24,1504.2857142857142,21.285714285714285
357270,,32.0,2020-12-05,202049,4064052.0,4018650.0,False,False,198947,4895.286770000001,2020-12-05,0.022,4385,276,state,ES,1843,12,1515.0,20.0
357350,,32.0,2020-12-06,202050,4064052.0,4018650.0,False,False,200257,4927.5206100000005,2020-12-06,0.022,4397,277,state,ES,1310,12,1618.2857142857142,20.714285714285715
357430,,32.0,2020-12-07,202050,4064052.0,4018650.0,False,False,202147,4974.02592,2020-12-07,0.0219,4431,278,state,ES,1890,34,1735.142857142857,21.714285714285715
357510,,32.0,2020-12-08,202050,4064052.0,4018650.0,False,False,204565,5033.52319,2020-12-08,0.0218,4455,279,state,ES,2418,24,1798.857142857143,22.714285714285715
357590,,32.0,2020-12-09,202050,4064052.0,4018650.0,False,False,206984,5093.04507,2020-12-09,0.0217,4485,280,state,ES,2419,30,1879.857142857143,23.285714285714285
357670,,32.0,2020-12-10,202050,4064052.0,4018650.0,False,False,208508,5130.5445899999995,2020-12-10,0.0216,4514,281,state,ES,1524,29,1867.2857142857142,23.571428571428573
357750,,32.0,2020-12-11,202050,4064052.0,4018650.0,False,False,210584,5181.62661,2020-12-11,0.0216,4543,282,state,ES,2076,29,1925.7142857142858,24.285714285714285
357830,,32.0,2020-12-12,202050,4064052.0,4018650.0,False,False,212304,5223.94891,2020-12-12,0.0215,4560,283,state,ES,1720,17,1908.142857142857,25.0
357910,,32.0,2020-12-13,202051,4064052.0,4018650.0,False,False,213124,5244.1258100000005,2020-12-13,0.0214,4571,284,state,ES,820,11,1838.142857142857,24.857142857142858
357990,,32.0,2020-12-14,202051,4064052.0,4018650.0,False,False,215538,5303.52466,2020-12-14,0.0214,4609,285,state,ES,2414,38,1913.0,25.428571428571427
358070,,32.0,2020-12-15,202051,4064052.0,4018650.0,False,False,217938,5362.57902,2020-12-15,0.0212,4630,286,state,ES,2400,21,1910.4285714285713,25.0
358150,,32.0,2020-12-16,202051,4064052.0,4018650.0,False,False,220927,5436.126310000001,2020-12-16,0.0211,4663,287,state,ES,2989,33,1991.857142857143,25.428571428571427
358230,,32.0,2020-12-17,202051,4064052.0,4018650.0,False,False,223219,5492.52323,2020-12-17,0.021,4696,288,state,ES,2292,33,2101.5714285714284,26.0
358310,,32.0,2020-12-18,202051,4064052.0,4018650.0,False,False,225358,5545.15543,2020-12-18,0.021,4727,289,state,ES,2139,31,2110.5714285714284,26.285714285714285
358390,,32.0,2020-12-19,202051,4064052.0,4018650.0,False,False,227245,5591.586920000001,2020-12-19,0.0209,4747,290,state,ES,1887,20,2134.4285714285716,26.714285714285715
358470,,32.0,2020-12-20,202052,4064052.0,4018650.0,False,False,228741,5628.39747,2020-12-20,0.0208,4759,291,state,ES,1496,12,2231.0,26.857142857142858
358550,,32.0,2020-12-21,202052,4064052.0,4018650.0,False,False,230420,5669.71092,2020-12-21,0.0208,4796,292,state,ES,1679,37,2126.0,26.714285714285715
358630,,32.0,2020-12-22,202052,4064052.0,4018650.0,False,False,232760,5727.28892,2020-12-22,0.0208,4839,293,state,ES,2340,43,2117.4285714285716,29.857142857142858
358710,,32.0,2020-12-23,202052,4064052.0,4018650.0,False,False,234494,5769.9557,2020-12-23,0.0208,4866,294,state,ES,1734,27,1938.142857142857,29.0
358790,,32.0,2020-12-24,202052,4064052.0,4018650.0,False,False,236238,5812.8685399999995,2020-12-24,0.0207,4898,295,state,ES,1744,32,1859.857142857143,28.857142857142858
358870,,32.0,2020-12-25,202052,4064052.0,4018650.0,False,False,236978,5831.07696,2020-12-25,0.0207,4915,296,state,ES,740,17,1660.0,26.857142857142858
358950,,32.0,2020-12-26,202052,4064052.0,4018650.0,False,False,238426,5866.706429999999,2020-12-26,0.0207,4928,297,state,ES,1448,13,1597.2857142857142,25.857142857142858
359030,,32.0,2020-12-27,202053,4064052.0,4018650.0,False,False,239036,5881.71608,2020-12-27,0.0207,4941,298,state,ES,610,13,1470.7142857142858,26.0
359110,,32.0,2020-12-28,202053,4064052.0,4018650.0,False,False,242553,5968.25533,2020-12-28,0.0206,4996,299,state,ES,3517,55,1733.2857142857142,28.571428571428573
359190,,32.0,2020-12-29,202053,4064052.0,4018650.0,False,False,244251,6010.03629,2020-12-29,0.0206,5031,300,state,ES,1698,35,1641.5714285714287,27.428571428571427
359270,,32.0,2020-12-30,202053,4064052.0,4018650.0,False,False,246927,6075.8819,2020-12-30,0.0205,5066,301,state,ES,2676,35,1776.142857142857,28.571428571428573
359350,,32.0,2020-12-31,202053,4064052.0,4018650.0,False,False,248251,6108.46023,2020-12-31,0.0205,5081,302,state,ES,1324,15,1716.142857142857,26.142857142857142
359430,,32.0,2021-01-01,202053,4064052.0,4018650.0,False,False,249271,6133.55833,2021-01-01,0.0204,5093,303,state,ES,1020,12,1756.142857142857,25.428571428571427
359510,,32.0,2021-01-02,202053,4064052.0,4018650.0,False,False,250244,6157.49995,2021-01-02,0.0204,5115,304,state,ES,973,22,1688.2857142857142,26.714285714285715
359590,,32.0,2021-01-03,202101,4064052.0,4018650.0,False,False,251649,6192.07136,2021-01-03,0.0204,5124,305,state,ES,1405,9,1801.857142857143,26.142857142857142
359670,,32.0,2021-01-04,202101,4064052.0,4018650.0,False,False,253115,6228.14373,2021-01-04,0.0204,5176,306,state,ES,1466,52,1508.857142857143,25.714285714285715
359750,,32.0,2021-01-05,202101,4064052.0,4018650.0,False,False,255611,6289.56027,2021-01-05,0.0204,5202,307,state,ES,2496,26,1622.857142857143,24.428571428571427
359830,,32.0,2021-01-06,202101,4064052.0,4018650.0,False,False,257295,6330.99675,2021-01-06,0.0203,5231,308,state,ES,1684,29,1481.142857142857,23.571428571428573
359910,,32.0,2021-01-07,202101,4064052.0,4018650.0,False,False,258941,6371.4982,2021-01-07,0.0203,5265,309,state,ES,1646,34,1527.142857142857,26.285714285714285
359990,,32.0,2021-01-08,202101,4064052.0,4018650.0,False,False,260970,6421.42374,2021-01-08,0.0203,5287,310,state,ES,2029,22,1671.2857142857142,27.714285714285715
360070,,32.0,2021-01-09,202101,4064052.0,4018650.0,False,False,262157,6450.63105,2021-01-09,0.0202,5307,311,state,ES,1187,20,1701.857142857143,27.428571428571427
360150,,32.0,2021-01-10,202102,4064052.0,4018650.0,False,False,263504,6483.77531,2021-01-10,0.0202,5321,312,state,ES,1347,14,1693.5714285714287,28.142857142857142
360230,,32.0,2021-01-11,202102,4064052.0,4018650.0,False,False,265556,6534.26679,2021-01-11,0.0202,5353,313,state,ES,2052,32,1777.2857142857142,25.285714285714285
360310,,32.0,2021-01-12,202102,4064052.0,4018650.0,False,False,267451,6580.89513,2021-01-12,0.0201,5384,314,state,ES,1895,31,1691.4285714285713,26.0
360390,,32.0,2021-01-13,202102,4064052.0,4018650.0,False,False,269223,6624.496929999999,2021-01-13,0.0201,5419,315,state,ES,1772,35,1704.0,26.857142857142858
360470,,32.0,2021-01-14,202102,4064052.0,4018650.0,False,False,271041,6669.2306100000005,2021-01-14,0.0201,5450,316,state,ES,1818,31,1728.5714285714287,26.428571428571427
360550,,32.0,2021-01-15,202102,4064052.0,4018650.0,False,False,273031,6718.19652,2021-01-15,0.02,5474,317,state,ES,1990,24,1723.0,26.714285714285715
360630,,32.0,2021-01-16,202102,4064052.0,4018650.0,False,False,274509,6754.564159999999,2021-01-16,0.02,5493,318,state,ES,1478,19,1764.5714285714287,26.571428571428573
360710,,32.0,2021-01-17,202103,4064052.0,4018650.0,False,False,275504,6779.04712,2021-01-17,0.02,5506,319,state,ES,995,13,1714.2857142857142,26.428571428571427
360790,,32.0,2021-01-18,202103,4064052.0,4018650.0,False,False,277357,6824.64201,2021-01-18,0.02,5536,320,state,ES,1853,30,1685.857142857143,26.142857142857142
360870,,32.0,2021-01-19,202103,4064052.0,4018650.0,False,False,279039,6866.02927,2021-01-19,0.0199,5565,321,state,ES,1682,29,1655.4285714285713,25.857142857142858
360950,,32.0,2021-01-20,202103,4064052.0,4018650.0,False,False,280426,6900.157770000001,2021-01-20,0.0199,5590,322,state,ES,1387,25,1600.4285714285713,24.428571428571427
361030,,32.0,2021-01-21,202103,4064052.0,4018650.0,False,False,282044,6939.970259999999,2021-01-21,0.0199,5615,323,state,ES,1618,25,1571.857142857143,23.571428571428573
361110,,32.0,2021-01-22,202103,4064052.0,4018650.0,False,False,283996,6988.00114,2021-01-22,0.0198,5634,324,state,ES,1952,19,1566.4285714285713,22.857142857142858
361190,,32.0,2021-01-23,202103,4064052.0,4018650.0,False,False,284854,7009.11307,2021-01-23,0.0199,5658,325,state,ES,858,24,1477.857142857143,23.571428571428573
361270,,32.0,2021-01-24,202104,4064052.0,4018650.0,False,False,285654,7028.79786,2021-01-24,0.0198,5668,326,state,ES,800,10,1450.0,23.142857142857142
361350,,32.0,2021-01-25,202104,4064052.0,4018650.0,False,False,287205,7066.961740000001,2021-01-25,0.0199,5716,327,state,ES,1551,48,1406.857142857143,25.714285714285715
361430,,32.0,2021-01-26,202104,4064052.0,4018650.0,False,False,288360,7095.38165,2021-01-26,0.0199,5747,328,state,ES,1155,31,1331.5714285714287,26.0
361510,,32.0,2021-01-27,202104,4064052.0,4018650.0,False,False,289606,7126.040709999999,2021-01-27,0.0199,5777,329,state,ES,1246,30,1311.4285714285713,26.714285714285715
361590,,32.0,2021-01-28,202104,4064052.0,4018650.0,False,False,290775,7154.805109999999,2021-01-28,0.0199,5796,330,state,ES,1169,19,1247.2857142857142,25.857142857142858
361670,,32.0,2021-01-29,202104,4064052.0,4018650.0,False,False,292388,7194.494559999999,2021-01-29,0.0199,5820,331,state,ES,1613,24,1198.857142857143,26.571428571428573
361750,,32.0,2021-01-30,202104,4064052.0,4018650.0,False,False,293030,7210.2916,2021-01-30,0.0199,5840,332,state,ES,642,20,1168.0,26.0
361830,,32.0,2021-01-31,202105,4064052.0,4018650.0,False,False,294129,7237.3335799999995,2021-01-31,0.0199,5858,333,state,ES,1099,18,1210.7142857142858,27.142857142857142
361910,,32.0,2021-02-01,202105,4064052.0,4018650.0,False,False,295359,7267.598940000001,2021-02-01,0.0199,5888,334,state,ES,1230,30,1164.857142857143,24.571428571428573
361990,,32.0,2021-02-02,202105,4064052.0,4018650.0,False,False,296641,7299.14381,2021-02-02,0.0199,5913,335,state,ES,1282,25,1183.0,23.714285714285715
362070,,32.0,2021-02-03,202105,4064052.0,4018650.0,False,False,297761,7326.702509999999,2021-02-03,0.0199,5929,336,state,ES,1120,16,1165.0,21.714285714285715
362150,,32.0,2021-02-04,202105,4064052.0,4018650.0,False,False,299224,7362.70107,2021-02-04,0.0199,5952,337,state,ES,1463,23,1207.0,22.285714285714285
362230,,32.0,2021-02-05,202105,4064052.0,4018650.0,False,False,300729,7399.73307,2021-02-05,0.0199,5977,338,state,ES,1505,25,1191.5714285714287,22.428571428571427
362310,,32.0,2021-02-06,202105,4064052.0,4018650.0,False,False,301861,7427.58705,2021-02-06,0.0198,5986,339,state,ES,1132,9,1261.5714285714287,20.857142857142858
362390,,32.0,2021-02-07,202106,4064052.0,4018650.0,False,False,302854,7452.0207900000005,2021-02-07,0.0198,5995,340,state,ES,993,9,1246.4285714285713,19.571428571428573
362470,,32.0,2021-02-08,202106,4064052.0,4018650.0,False,False,303740,7473.821690000001,2021-02-08,0.0198,6019,341,state,ES,886,24,1197.2857142857142,18.714285714285715
362550,,32.0,2021-02-09,202106,4064052.0,4018650.0,False,False,304859,7501.3557900000005,2021-02-09,0.0198,6043,342,state,ES,1119,24,1174.0,18.571428571428573
362630,,32.0,2021-02-10,202106,4064052.0,4018650.0,False,False,306429,7539.987190000001,2021-02-10,0.0198,6069,343,state,ES,1570,26,1238.2857142857142,20.0
362710,,32.0,2021-02-11,202106,4064052.0,4018650.0,False,False,307963,7577.7327700000005,2021-02-11,0.0198,6093,344,state,ES,1534,24,1248.4285714285713,20.142857142857142
362790,,32.0,2021-02-12,202106,4064052.0,4018650.0,False,False,309399,7613.066959999999,2021-02-12,0.0198,6115,345,state,ES,1436,22,1238.5714285714287,19.714285714285715
362870,,32.0,2021-02-13,202106,4064052.0,4018650.0,False,False,310175,7632.1612,2021-02-13,0.0198,6136,346,state,ES,776,21,1187.7142857142858,21.428571428571427
362950,,32.0,2021-02-14,202107,4064052.0,4018650.0,False,False,310763,7646.62952,2021-02-14,0.0198,6141,347,state,ES,588,5,1129.857142857143,20.857142857142858
363030,,32.0,2021-02-15,202107,4064052.0,4018650.0,False,False,311278,7659.3016,2021-02-15,0.0198,6164,348,state,ES,515,23,1076.857142857143,20.714285714285715
363110,,32.0,2021-02-16,202107,4064052.0,4018650.0,False,False,311685,7669.316240000001,2021-02-16,0.0198,6176,349,state,ES,407,12,975.1428571428571,19.0
363190,,32.0,2021-02-17,202107,4064052.0,4018650.0,False,False,312614,7692.1752,2021-02-17,0.0199,6209,350,state,ES,929,33,883.5714285714286,20.0
363270,,32.0,2021-02-18,202107,4064052.0,4018650.0,False,False,313676,7718.30675,2021-02-18,0.0199,6234,351,state,ES,1062,25,816.1428571428571,20.142857142857142
363350,,32.0,2021-02-19,202107,4064052.0,4018650.0,False,False,315310,7758.51293,2021-02-19,0.0198,6257,352,state,ES,1634,23,844.4285714285714,20.285714285714285
363430,,32.0,2021-02-20,202107,4064052.0,4018650.0,False,False,316564,7789.368840000001,2021-02-20,0.0198,6264,353,state,ES,1254,7,912.7142857142857,18.285714285714285
363510,,32.0,2021-02-21,202108,4064052.0,4018650.0,False,False,317739,7818.2808700000005,2021-02-21,0.0198,6276,354,state,ES,1175,12,996.5714285714286,19.285714285714285
363590,,32.0,2021-02-22,202108,4064052.0,4018650.0,False,False,318812,7844.68309,2021-02-22,0.0198,6298,355,state,ES,1073,22,1076.2857142857142,19.142857142857142
363670,,32.0,2021-02-23,202108,4064052.0,4018650.0,False,False,320183,7878.417890000001,2021-02-23,0.0197,6323,356,state,ES,1371,25,1214.0,21.0
363750,,32.0,2021-02-24,202108,4064052.0,4018650.0,False,False,321630,7914.02275,2021-02-24,0.0197,6340,357,state,ES,1447,17,1288.0,18.714285714285715
363830,,32.0,2021-02-25,202108,4064052.0,4018650.0,False,False,323043,7948.791009999999,2021-02-25,0.0197,6362,358,state,ES,1413,22,1338.142857142857,18.285714285714285
363910,,32.0,2021-02-26,202108,4064052.0,4018650.0,False,False,324226,7977.899890000001,2021-02-26,0.0197,6388,359,state,ES,1183,26,1273.7142857142858,18.714285714285715
363990,,32.0,2021-02-27,202108,4064052.0,4018650.0,False,False,325315,8004.695809999999,2021-02-27,0.0197,6397,360,state,ES,1089,9,1250.142857142857,19.0
364070,,32.0,2021-02-28,202109,4064052.0,4018650.0,False,False,326305,8029.05573,2021-02-28,0.0196,6405,361,state,ES,990,8,1223.7142857142858,18.428571428571427
364150,,32.0,2021-03-01,202109,4064052.0,4018650.0,False,False,327515,8058.8289700000005,2021-03-01,0.0196,6432,362,state,ES,1210,27,1243.2857142857142,19.142857142857142
364230,,32.0,2021-03-02,202109,4064052.0,4018650.0,False,False,328601,8085.55107,2021-03-02,0.0196,6457,363,state,ES,1086,25,1202.5714285714287,19.142857142857142
364310,,32.0,2021-03-03,202109,4064052.0,4018650.0,False,False,329642,8111.1659,2021-03-03,0.0196,6476,364,state,ES,1041,19,1144.5714285714287,19.428571428571427
364390,,32.0,2021-03-04,202109,4064052.0,4018650.0,False,False,331328,8152.65159,2021-03-04,0.0196,6499,365,state,ES,1686,23,1183.5714285714287,19.571428571428573
364470,,32.0,2021-03-05,202109,4064052.0,4018650.0,False,False,332890,8191.08614,2021-03-05,0.0196,6526,366,state,ES,1562,27,1237.7142857142858,19.714285714285715
364550,,32.0,2021-03-06,202109,4064052.0,4018650.0,False,False,334214,8223.66446,2021-03-06,0.0196,6538,367,state,ES,1324,12,1271.2857142857142,20.142857142857142
364630,,32.0,2021-03-07,202110,4064052.0,4018650.0,False,False,334887,8240.22429,2021-03-07,0.0196,6552,368,state,ES,673,14,1226.0,21.0
364710,,32.0,2021-03-08,202110,4064052.0,4018650.0,False,False,336218,8272.97485,2021-03-08,0.0196,6576,369,state,ES,1331,24,1243.2857142857142,20.571428571428573
364790,,32.0,2021-03-09,202110,4064052.0,4018650.0,False,False,337582,8306.53742,2021-03-09,0.0196,6610,370,state,ES,1364,34,1283.0,21.857142857142858
364870,,32.0,2021-03-10,202110,4064052.0,4018650.0,False,False,339054,8342.75743,2021-03-10,0.0196,6642,371,state,ES,1472,32,1344.5714285714287,23.714285714285715
364950,,32.0,2021-03-11,202110,4064052.0,4018650.0,False,False,340936,8389.06589,2021-03-11,0.0195,6660,372,state,ES,1882,18,1372.5714285714287,23.0
365030,,32.0,2021-03-12,202110,4064052.0,4018650.0,False,False,342446,8426.22092,2021-03-12,0.0195,6691,373,state,ES,1510,31,1365.142857142857,23.571428571428573
365110,,32.0,2021-03-13,202110,4064052.0,4018650.0,False,False,343791,8459.31597,2021-03-13,0.0195,6708,374,state,ES,1345,17,1368.142857142857,24.285714285714285
365190,,32.0,2021-03-14,202111,4064052.0,4018650.0,False,False,344765,8483.2822,2021-03-14,0.0195,6720,375,state,ES,974,12,1411.142857142857,24.0
365270,,32.0,2021-03-15,202111,4064052.0,4018650.0,False,False,346544,8527.05625,2021-03-15,0.0195,6746,376,state,ES,1779,26,1475.142857142857,24.285714285714285
365350,,32.0,2021-03-16,202111,4064052.0,4018650.0,False,False,348970,8586.75037,2021-03-16,0.0194,6783,377,state,ES,2426,37,1626.857142857143,24.714285714285715
365430,,32.0,2021-03-17,202111,4064052.0,4018650.0,False,False,351116,8639.55481,2021-03-17,0.0194,6819,378,state,ES,2146,36,1723.142857142857,25.285714285714285
365510,,32.0,2021-03-18,202111,4064052.0,4018650.0,False,False,353377,8695.18894,2021-03-18,0.0194,6849,379,state,ES,2261,30,1777.2857142857142,27.0
365590,,32.0,2021-03-19,202111,4064052.0,4018650.0,False,False,355482,8746.984540000001,2021-03-19,0.0194,6888,380,state,ES,2105,39,1862.2857142857142,28.142857142857142
365670,,32.0,2021-03-20,202111,4064052.0,4018650.0,False,False,357763,8803.11079,2021-03-20,0.0193,6907,381,state,ES,2281,19,1996.0,28.428571428571427
365750,,32.0,2021-03-21,202112,4064052.0,4018650.0,False,False,359405,8843.513809999999,2021-03-21,0.0193,6928,382,state,ES,1642,21,2091.4285714285716,29.714285714285715
365830,,32.0,2021-03-22,202112,4064052.0,4018650.0,False,False,361717,8900.40285,2021-03-22,0.0193,6981,383,state,ES,2312,53,2167.5714285714284,33.57142857142857
365910,,32.0,2021-03-23,202112,4064052.0,4018650.0,False,False,363853,8952.961229999999,2021-03-23,0.0194,7053,384,state,ES,2136,72,2126.1428571428573,38.57142857142857
365990,,32.0,2021-03-24,202112,4064052.0,4018650.0,False,False,366120,9008.743,2021-03-24,0.0194,7110,385,state,ES,2267,57,2143.4285714285716,41.57142857142857
366070,,32.0,2021-03-25,202112,4064052.0,4018650.0,False,False,368612,9070.061109999999,2021-03-25,0.0194,7161,386,state,ES,2492,51,2176.4285714285716,44.57142857142857
366150,,32.0,2021-03-26,202112,4064052.0,4018650.0,False,False,370338,9112.53104,2021-03-26,0.0195,7221,387,state,ES,1726,60,2122.285714285714,47.57142857142857
366230,,32.0,2021-03-27,202112,4064052.0,4018650.0,False,False,372665,9169.78917,2021-03-27,0.0195,7249,388,state,ES,2327,28,2128.8571428571427,48.857142857142854
366310,,32.0,2021-03-28,202113,4064052.0,4018650.0,False,False,374215,9207.928440000002,2021-03-28,0.0194,7278,389,state,ES,1550,29,2115.714285714286,50.0
366390,,32.0,2021-03-29,202113,4064052.0,4018650.0,False,False,376080,9253.8186,2021-03-29,0.0196,7367,390,state,ES,1865,89,2051.8571428571427,55.142857142857146
366470,,32.0,2021-03-30,202113,4064052.0,4018650.0,False,False,379612,9340.72694,2021-03-30,0.0196,7439,391,state,ES,3532,72,2251.285714285714,55.142857142857146
366550,,32.0,2021-03-31,202113,4064052.0,4018650.0,False,False,382480,9411.2969,2021-03-31,0.0196,7500,392,state,ES,2868,61,2337.1428571428573,55.714285714285715
366630,,32.0,2021-04-01,202113,4064052.0,4018650.0,False,False,384474,9460.36124,2021-04-01,0.0197,7558,393,state,ES,1994,58,2266.0,56.714285714285715
366710,,32.0,2021-04-02,202113,4064052.0,4018650.0,False,False,386219,9503.29868,2021-04-02,0.0197,7604,394,state,ES,1745,46,2268.714285714286,54.714285714285715
366790,,32.0,2021-04-03,202113,4064052.0,4018650.0,False,False,387833,9543.01274,2021-04-03,0.0197,7639,395,state,ES,1614,35,2166.8571428571427,55.714285714285715
366870,,32.0,2021-04-04,202114,4064052.0,4018650.0,False,False,388600,9561.88553,2021-04-04,0.0197,7672,396,state,ES,767,33,2055.0,56.285714285714285
366950,,32.0,2021-04-05,202114,4064052.0,4018650.0,False,False,390884,9618.0856,2021-04-05,0.0199,7767,397,state,ES,2284,95,2114.8571428571427,57.142857142857146
367030,,32.0,2021-04-06,202114,4064052.0,4018650.0,False,False,393385,9679.62516,2021-04-06,0.02,7877,398,state,ES,2501,110,1967.5714285714287,62.57142857142857
367110,,32.0,2021-04-07,202114,4064052.0,4018650.0,False,False,395947,9742.66569,2021-04-07,0.0201,7947,399,state,ES,2562,70,1923.857142857143,63.857142857142854
367190,,32.0,2021-04-08,202114,4064052.0,4018650.0,False,False,398573,9807.281009999999,2021-04-08,0.0201,8016,400,state,ES,2626,69,2014.142857142857,65.42857142857143
367270,,32.0,2021-04-09,202114,4064052.0,4018650.0,False,False,401033,9867.81173,2021-04-09,0.0202,8084,401,state,ES,2460,68,2116.285714285714,68.57142857142857
367350,,32.0,2021-04-10,202114,4064052.0,4018650.0,False,False,402769,9910.52772,2021-04-10,0.0202,8132,402,state,ES,1736,48,2133.714285714286,70.42857142857143
367430,,32.0,2021-04-11,202115,4064052.0,4018650.0,False,False,404205,9945.86191,2021-04-11,0.0202,8167,403,state,ES,1436,35,2229.285714285714,70.71428571428571
367510,,32.0,2021-04-12,202115,4064052.0,4018650.0,False,False,405401,9975.29067,2021-04-12,0.0203,8216,404,state,ES,1196,49,2073.8571428571427,64.14285714285714
367590,,32.0,2021-04-13,202115,4064052.0,4018650.0,False,False,406941,10013.18389,2021-04-13,0.0204,8310,405,state,ES,1540,94,1936.5714285714287,61.857142857142854
367670,,32.0,2021-04-14,202115,4064052.0,4018650.0,False,False,409315,10071.59849,2021-04-14,0.0206,8412,406,state,ES,2374,102,1909.7142857142858,66.42857142857143
367750,,32.0,2021-04-15,202115,4064052.0,4018650.0,False,False,411584,10127.429470000001,2021-04-15,0.0207,8507,407,state,ES,2269,95,1858.7142857142858,70.14285714285714
367830,,32.0,2021-04-16,202115,4064052.0,4018650.0,False,False,413996,10186.77911,2021-04-16,0.0207,8587,408,state,ES,2412,80,1851.857142857143,71.85714285714286
367910,,32.0,2021-04-17,202115,4064052.0,4018650.0,False,False,415601,10226.271709999999,2021-04-17,0.0208,8636,409,state,ES,1605,49,1833.142857142857,72.0
367990,,32.0,2021-04-18,202116,4064052.0,4018650.0,False,False,416932,10259.02228,2021-04-18,0.0208,8673,410,state,ES,1331,37,1818.142857142857,72.28571428571429
368070,,32.0,2021-04-19,202116,4064052.0,4018650.0,False,False,418642,10301.09851,2021-04-19,0.021,8776,411,state,ES,1710,103,1891.5714285714287,80.0
368150,,32.0,2021-04-20,202116,4064052.0,4018650.0,False,False,420566,10348.44042,2021-04-20,0.0211,8892,412,state,ES,1924,116,1946.4285714285713,83.14285714285714
368230,,32.0,2021-04-21,202116,4064052.0,4018650.0,False,False,422077,10385.62007,2021-04-21,0.0211,8915,413,state,ES,1511,23,1823.142857142857,71.85714285714286
368310,,32.0,2021-04-22,202116,4064052.0,4018650.0,False,False,423974,10432.297620000001,2021-04-22,0.0213,9011,414,state,ES,1897,96,1770.0,72.0
368390,,32.0,2021-04-23,202116,4064052.0,4018650.0,False,False,425683,10474.34925,2021-04-23,0.0214,9092,415,state,ES,1709,81,1669.5714285714287,72.14285714285714
368470,,32.0,2021-04-24,202116,4064052.0,4018650.0,False,False,426706,10499.52117,2021-04-24,0.0214,9124,416,state,ES,1023,32,1586.4285714285713,69.71428571428571
368550,,32.0,2021-04-25,202117,4064052.0,4018650.0,False,False,427643,10522.57697,2021-04-25,0.0214,9165,417,state,ES,937,41,1530.142857142857,70.28571428571429
368630,,32.0,2021-04-26,202117,4064052.0,4018650.0,False,False,429034,10556.8039,2021-04-26,0.0216,9250,418,state,ES,1391,85,1484.5714285714287,67.71428571428571
368710,,32.0,2021-04-27,202117,4064052.0,4018650.0,False,False,430940,10603.70291,2021-04-27,0.0216,9320,419,state,ES,1906,70,1482.0,61.142857142857146
368790,,32.0,2021-04-28,202117,4064052.0,4018650.0,False,False,432694,10646.8618,2021-04-28,0.0217,9397,420,state,ES,1754,77,1516.7142857142858,68.85714285714286
368870,,32.0,2021-04-29,202117,4064052.0,4018650.0,False,False,434895,10701.01957,2021-04-29,0.0217,9458,421,state,ES,2201,61,1560.142857142857,63.857142857142854
368950,,32.0,2021-04-30,202117,4064052.0,4018650.0,False,False,436681,10744.96586,2021-04-30,0.0218,9524,422,state,ES,1786,66,1571.142857142857,61.714285714285715
369030,,32.0,2021-05-01,202117,4064052.0,4018650.0,False,False,437862,10774.025529999999,2021-05-01,0.0218,9536,423,state,ES,1181,12,1593.7142857142858,58.857142857142854
369110,,32.0,2021-05-02,202118,4064052.0,4018650.0,False,False,438769,10796.343159999999,2021-05-02,0.0218,9551,424,state,ES,907,15,1589.4285714285713,55.142857142857146
369190,,32.0,2021-05-03,202118,4064052.0,4018650.0,False,False,439997,10826.559309999999,2021-05-03,0.0219,9622,425,state,ES,1228,71,1566.142857142857,53.142857142857146
369270,,32.0,2021-05-04,202118,4064052.0,4018650.0,False,False,441703,10868.53712,2021-05-04,0.0219,9682,426,state,ES,1706,60,1537.5714285714287,51.714285714285715
369350,,32.0,2021-05-05,202118,4064052.0,4018650.0,False,False,443221,10905.889,2021-05-05,0.022,9734,427,state,ES,1518,52,1503.857142857143,48.142857142857146
369430,,32.0,2021-05-06,202118,4064052.0,4018650.0,False,False,444904,10947.300870000001,2021-05-06,0.022,9791,428,state,ES,1683,57,1429.857142857143,47.57142857142857
369510,,32.0,2021-05-07,202118,4064052.0,4018650.0,False,False,446608,10989.22947,2021-05-07,0.022,9835,429,state,ES,1704,44,1418.142857142857,44.42857142857143
369590,,32.0,2021-05-08,202118,4064052.0,4018650.0,False,False,447566,11012.802,2021-05-08,0.022,9863,430,state,ES,958,28,1386.2857142857142,46.714285714285715
369670,,32.0,2021-05-09,202119,4064052.0,4018650.0,False,False,448243,11029.46025,2021-05-09,0.022,9874,431,state,ES,677,11,1353.4285714285713,46.142857142857146
369750,,32.0,2021-05-10,202119,4064052.0,4018650.0,False,False,449702,11065.36038,2021-05-10,0.0222,9963,432,state,ES,1459,89,1386.4285714285713,48.714285714285715
369830,,32.0,2021-05-11,202119,4064052.0,4018650.0,False,False,451485,11109.23285,2021-05-11,0.0222,10013,433,state,ES,1783,50,1397.4285714285713,47.285714285714285
369910,,32.0,2021-05-12,202119,4064052.0,4018650.0,False,False,453497,11158.740090000001,2021-05-12,0.0222,10070,434,state,ES,2012,57,1468.0,48.0
369990,,32.0,2021-05-13,202119,4064052.0,4018650.0,False,False,455400,11205.565279999999,2021-05-13,0.0222,10111,435,state,ES,1903,41,1499.4285714285713,45.714285714285715
370070,,32.0,2021-05-14,202119,4064052.0,4018650.0,False,False,457124,11247.986,2021-05-14,0.0222,10164,436,state,ES,1724,53,1502.2857142857142,47.0
370150,,32.0,2021-05-15,202119,4064052.0,4018650.0,False,False,458321,11277.43936,2021-05-15,0.0222,10180,437,state,ES,1197,16,1536.4285714285713,45.285714285714285
370230,,32.0,2021-05-16,202120,4064052.0,4018650.0,False,False,459032,11294.934220000001,2021-05-16,0.0222,10197,438,state,ES,711,17,1541.2857142857142,46.142857142857146
370310,,32.0,2021-05-17,202120,4064052.0,4018650.0,False,False,460743,11337.03506,2021-05-17,0.0223,10271,439,state,ES,1711,74,1577.2857142857142,44.0
370390,,32.0,2021-05-18,202120,4064052.0,4018650.0,False,False,462618,11383.17128,2021-05-18,0.0223,10328,440,state,ES,1875,57,1590.4285714285713,45.0
370470,,32.0,2021-05-19,202120,4064052.0,4018650.0,False,False,464253,11423.402059999999,2021-05-19,0.0223,10371,441,state,ES,1635,43,1536.5714285714287,43.0
370550,,32.0,2021-05-20,202120,4064052.0,4018650.0,False,False,466240,11472.29415,2021-05-20,0.0223,10420,442,state,ES,1987,49,1548.5714285714287,44.142857142857146
370630,,32.0,2021-05-21,202120,4064052.0,4018650.0,False,False,468066,11517.22468,2021-05-21,0.0224,10462,443,state,ES,1826,42,1563.142857142857,42.57142857142857
370710,,32.0,2021-05-22,202120,4064052.0,4018650.0,False,False,469248,11546.30895,2021-05-22,0.0224,10491,444,state,ES,1182,29,1561.0,44.42857142857143
370790,,32.0,2021-05-23,202121,4064052.0,4018650.0,False,False,470074,11566.6335,2021-05-23,0.0224,10512,445,state,ES,826,21,1577.4285714285713,45.0
370870,,32.0,2021-05-24,202121,4064052.0,4018650.0,False,False,471566,11603.34563,2021-05-24,0.0225,10589,446,state,ES,1492,77,1546.142857142857,45.42857142857143
370950,,32.0,2021-05-25,202121,4064052.0,4018650.0,False,False,473327,11646.67676,2021-05-25,0.0224,10615,447,state,ES,1761,26,1529.857142857143,41.0
371030,,32.0,2021-05-26,202121,4064052.0,4018650.0,False,False,475285,11694.85528,2021-05-26,0.0224,10651,448,state,ES,1958,36,1576.0,40.0
371110,,32.0,2021-05-27,202121,4064052.0,4018650.0,False,False,477257,11743.378279999999,2021-05-27,0.0224,10684,449,state,ES,1972,33,1573.857142857143,37.714285714285715
371190,,32.0,2021-05-28,202121,4064052.0,4018650.0,False,False,478964,11785.3807,2021-05-28,0.0224,10709,450,state,ES,1707,25,1556.857142857143,35.285714285714285
371270,,32.0,2021-05-29,202121,4064052.0,4018650.0,False,False,480026,11811.51225,2021-05-29,0.0223,10714,451,state,ES,1062,5,1539.7142857142858,31.857142857142858
371350,,32.0,2021-05-30,202122,4064052.0,4018650.0,False,False,480635,11826.4973,2021-05-30,0.0223,10727,452,state,ES,609,13,1508.7142857142858,30.714285714285715
371430,,32.0,2021-05-31,202122,4064052.0,4018650.0,False,False,482137,11863.45549,2021-05-31,0.0224,10798,453,state,ES,1502,71,1510.142857142857,29.857142857142858
371510,,32.0,2021-06-01,202122,4064052.0,4018650.0,False,False,484072,11911.068070000001,2021-06-01,0.0224,10838,454,state,ES,1935,40,1535.0,31.857142857142858
371590,,32.0,2021-06-02,202122,4064052.0,4018650.0,False,False,485951,11957.30271,2021-06-02,0.0224,10875,455,state,ES,1879,37,1523.7142857142858,32.0
371670,,32.0,2021-06-03,202122,4064052.0,4018650.0,False,False,487075,11984.959840000001,2021-06-03,0.0223,10885,456,state,ES,1124,10,1402.5714285714287,28.714285714285715
371750,,32.0,2021-06-04,202122,4064052.0,4018650.0,False,False,487904,12005.3582,2021-06-04,0.0224,10914,457,state,ES,829,29,1277.142857142857,29.285714285714285
371830,,32.0,2021-06-05,202122,4064052.0,4018650.0,False,False,488732,12025.73195,2021-06-05,0.0224,10943,458,state,ES,828,29,1243.7142857142858,32.714285714285715
371910,,32.0,2021-06-06,202123,4064052.0,4018650.0,False,False,489176,12036.657009999999,2021-06-06,0.0224,10958,459,state,ES,444,15,1220.142857142857,33.0
371990,,32.0,2021-06-07,202123,4064052.0,4018650.0,False,False,490405,12066.89777,2021-06-07,0.0224,11005,460,state,ES,1229,47,1181.142857142857,29.571428571428573
372070,,32.0,2021-06-08,202123,4064052.0,4018650.0,False,False,492387,12115.66683,2021-06-08,0.0224,11041,461,state,ES,1982,36,1187.857142857143,29.0
372150,,32.0,2021-06-09,202123,4064052.0,4018650.0,False,False,494167,12159.465479999999,2021-06-09,0.0224,11070,462,state,ES,1780,29,1173.7142857142858,27.857142857142858
372230,,32.0,2021-06-10,202123,4064052.0,4018650.0,False,False,495320,12187.83618,2021-06-10,0.0224,11087,463,state,ES,1153,17,1177.857142857143,28.857142857142858
372310,,32.0,2021-06-11,202123,4064052.0,4018650.0,False,False,496958,12228.14078,2021-06-11,0.0224,11120,464,state,ES,1638,33,1293.4285714285713,29.428571428571427
372390,,32.0,2021-06-12,202123,4064052.0,4018650.0,False,False,497847,12250.0155,2021-06-12,0.0224,11132,465,state,ES,889,12,1302.142857142857,27.0
372470,,32.0,2021-06-13,202124,4064052.0,4018650.0,False,False,498530,12266.821390000001,2021-06-13,0.0224,11143,466,state,ES,683,11,1336.2857142857142,26.428571428571427
372550,,32.0,2021-06-14,202124,4064052.0,4018650.0,False,False,499839,12299.03062,2021-06-14,0.0224,11173,467,state,ES,1309,30,1347.7142857142858,24.0
372630,,32.0,2021-06-15,202124,4064052.0,4018650.0,False,False,501278,12334.43863,2021-06-15,0.0223,11193,468,state,ES,1439,20,1270.142857142857,21.714285714285715
372710,,32.0,2021-06-16,202124,4064052.0,4018650.0,False,False,502887,12374.02966,2021-06-16,0.0223,11218,469,state,ES,1609,25,1245.7142857142858,21.142857142857142
372790,,32.0,2021-06-17,202124,4064052.0,4018650.0,False,False,504242,12407.37077,2021-06-17,0.0223,11236,470,state,ES,1355,18,1274.5714285714287,21.285714285714285
372870,,32.0,2021-06-18,202124,4064052.0,4018650.0,False,False,505764,12444.82108,2021-06-18,0.0223,11264,471,state,ES,1522,28,1258.0,20.571428571428573
372950,,32.0,2021-06-19,202124,4064052.0,4018650.0,False,False,506543,12463.989140000001,2021-06-19,0.0222,11269,472,state,ES,779,5,1242.2857142857142,19.571428571428573
373030,,32.0,2021-06-20,202125,4064052.0,4018650.0,True,False,507204,12480.2537,2021-06-20,0.0222,11280,473,state,ES,661,11,1239.142857142857,19.571428571428573
