,date,state,city,place_type,confirmed,deaths,order_for_place,is_last,estimated_population_2019,estimated_population,city_ibge_code,confirmed_per_100k_inhabitants,death_rate
1882200,2021-06-20,SP,,state,3582792,122160,475,True,45919049.0,46289333.0,35.0,7739.99487,3.4099999999999997
1882201,2021-06-19,SP,,state,3573210,121960,474,False,45919049.0,46289333.0,35.0,7719.294640000001,3.4099999999999997
1882202,2021-06-18,SP,,state,3552727,121238,473,False,45919049.0,46289333.0,35.0,7675.0447,3.4099999999999997
1882203,2021-06-17,SP,,state,3525021,120524,472,False,45919049.0,46289333.0,35.0,7615.190740000001,3.42
1882204,2021-06-16,SP,,state,3509967,119905,471,False,45919049.0,46289333.0,35.0,7582.669209999999,3.42
1882205,2021-06-15,SP,,state,3487385,119110,470,False,45919049.0,46289333.0,35.0,7533.88475,3.42
1882206,2021-06-14,SP,,state,3464158,118213,469,False,45919049.0,46289333.0,35.0,7483.70688,3.4099999999999997
1882207,2021-06-13,SP,,state,3458849,118121,468,False,45919049.0,46289333.0,35.0,7472.23772,3.42
1882208,2021-06-12,SP,,state,3449577,117887,467,False,45919049.0,46289333.0,35.0,7452.207190000001,3.42
1882209,2021-06-11,SP,,state,3428356,117344,466,False,45919049.0,46289333.0,35.0,7406.362929999999,3.42
1882210,2021-06-10,SP,,state,3405481,116693,465,False,45919049.0,46289333.0,35.0,7356.9455,3.4299999999999997
1882211,2021-06-09,SP,,state,3382448,115960,464,False,45919049.0,46289333.0,35.0,7307.186729999999,3.4299999999999997
1882212,2021-06-08,SP,,state,3378256,115309,463,False,45919049.0,46289333.0,35.0,7298.13065,3.4099999999999997
1882213,2021-06-07,SP,,state,3370234,114542,462,False,45919049.0,46289333.0,35.0,7280.800520000001,3.4000000000000004
1882214,2021-06-06,SP,,state,3365160,114404,461,False,45919049.0,46289333.0,35.0,7269.839040000001,3.4000000000000004
1882215,2021-06-05,SP,,state,3355201,114192,460,False,45919049.0,46289333.0,35.0,7248.32436,3.4000000000000004
1882216,2021-06-04,SP,,state,3338262,113474,459,False,45919049.0,46289333.0,35.0,7211.73062,3.4000000000000004
1882217,2021-06-03,SP,,state,3334364,113441,458,False,45919049.0,46289333.0,35.0,7203.309670000001,3.4000000000000004
1882218,2021-06-02,SP,,state,3314631,112927,457,False,45919049.0,46289333.0,35.0,7160.67998,3.4099999999999997
1882219,2021-06-01,SP,,state,3291509,112210,456,False,45919049.0,46289333.0,35.0,7110.728940000001,3.4099999999999997
1882220,2021-05-31,SP,,state,3272043,111374,455,False,45919049.0,46289333.0,35.0,7068.67606,3.4000000000000004
1882221,2021-05-30,SP,,state,3265930,111304,454,False,45919049.0,46289333.0,35.0,7055.4699900000005,3.4099999999999997
1882222,2021-05-29,SP,,state,3254893,111123,453,False,45919049.0,46289333.0,35.0,7031.626490000001,3.4099999999999997
1882223,2021-05-28,SP,,state,3241240,110553,452,False,45919049.0,46289333.0,35.0,7002.1315700000005,3.4099999999999997
1882224,2021-05-27,SP,,state,3239657,109850,451,False,45919049.0,46289333.0,35.0,6998.71178,3.39
1882225,2021-05-26,SP,,state,3226875,109241,450,False,45919049.0,46289333.0,35.0,6971.0985,3.39
1882226,2021-05-25,SP,,state,3210204,108575,449,False,45919049.0,46289333.0,35.0,6935.083729999999,3.38
1882227,2021-05-24,SP,,state,3192727,107677,448,False,45919049.0,46289333.0,35.0,6897.32773,3.37
1882228,2021-05-23,SP,,state,3188105,107614,447,False,45919049.0,46289333.0,35.0,6887.342709999999,3.38
1882229,2021-05-22,SP,,state,3180595,107497,446,False,45919049.0,46289333.0,35.0,6871.118670000001,3.38
1882230,2021-05-21,SP,,state,3163859,107017,445,False,45919049.0,46289333.0,35.0,6834.963470000001,3.38
1882231,2021-05-20,SP,,state,3147348,106437,444,False,45919049.0,46289333.0,35.0,6799.29434,3.38
1882232,2021-05-19,SP,,state,3129412,105852,443,False,45919049.0,46289333.0,35.0,6760.54675,3.38
1882233,2021-05-18,SP,,state,3112624,105105,442,False,45919049.0,46289333.0,35.0,6724.27922,3.38
1882234,2021-05-17,SP,,state,3096845,104295,441,False,45919049.0,46289333.0,35.0,6690.19145,3.37
1882235,2021-05-16,SP,,state,3092844,104219,440,False,45919049.0,46289333.0,35.0,6681.54799,3.37
1882236,2021-05-15,SP,,state,3085290,103995,439,False,45919049.0,46289333.0,35.0,6665.2289,3.37
1882237,2021-05-14,SP,,state,3069804,103493,438,False,45919049.0,46289333.0,35.0,6631.77411,3.37
1882238,2021-05-13,SP,,state,3053889,102934,437,False,45919049.0,46289333.0,35.0,6597.39254,3.37
1882239,2021-05-12,SP,,state,3038240,102356,436,False,45919049.0,46289333.0,35.0,6563.58561,3.37
1882240,2021-05-11,SP,,state,3022568,101660,435,False,45919049.0,46289333.0,35.0,6529.729,3.36
1882241,2021-05-10,SP,,state,3006250,100854,434,False,45919049.0,46289333.0,35.0,6494.47682,3.35
1882242,2021-05-09,SP,,state,3003067,100799,433,False,45919049.0,46289333.0,35.0,6487.6005,3.36
1882243,2021-05-08,SP,,state,2997282,100649,432,False,45919049.0,46289333.0,35.0,6475.1030200000005,3.36
1882244,2021-05-07,SP,,state,2984182,99989,431,False,45919049.0,46289333.0,35.0,6446.80277,3.35
1882245,2021-05-06,SP,,state,2969680,99406,430,False,45919049.0,46289333.0,35.0,6415.47373,3.35
1882246,2021-05-05,SP,,state,2956210,98710,429,False,45919049.0,46289333.0,35.0,6386.37416,3.34
1882247,2021-05-04,SP,,state,2941980,98021,428,False,45919049.0,46289333.0,35.0,6355.632729999999,3.3300000000000005
1882248,2021-05-03,SP,,state,2926516,97172,427,False,45919049.0,46289333.0,35.0,6322.22547,3.32
1882249,2021-05-02,SP,,state,2923367,97058,426,False,45919049.0,46289333.0,35.0,6315.4226100000005,3.32
1882250,2021-05-01,SP,,state,2918044,96941,425,False,45919049.0,46289333.0,35.0,6303.9232,3.32
1882251,2021-04-30,SP,,state,2903709,96191,424,False,45919049.0,46289333.0,35.0,6272.95494,3.3099999999999996
1882252,2021-04-29,SP,,state,2888158,95532,423,False,45919049.0,46289333.0,35.0,6239.35972,3.3099999999999996
1882253,2021-04-28,SP,,state,2873238,94656,422,False,45919049.0,46289333.0,35.0,6207.12768,3.29
1882254,2021-04-27,SP,,state,2856225,93842,421,False,45919049.0,46289333.0,35.0,6170.37407,3.29
1882255,2021-04-26,SP,,state,2838233,92798,420,False,45919049.0,46289333.0,35.0,6131.5055,3.27
1882256,2021-04-25,SP,,state,2834321,92693,419,False,45919049.0,46289333.0,35.0,6123.05431,3.27
1882257,2021-04-24,SP,,state,2827833,92548,418,False,45919049.0,46289333.0,35.0,6109.03812,3.27
1882258,2021-04-23,SP,,state,2811562,91673,417,False,45919049.0,46289333.0,35.0,6073.887479999999,3.26
1882259,2021-04-22,SP,,state,2793750,90810,416,False,45919049.0,46289333.0,35.0,6035.407770000001,3.25
1882260,2021-04-21,SP,,state,2786483,90627,415,False,45919049.0,46289333.0,35.0,6019.7086899999995,3.25
1882261,2021-04-20,SP,,state,2769360,89650,414,False,45919049.0,46289333.0,35.0,5982.717439999999,3.2399999999999998
1882262,2021-04-19,SP,,state,2750300,88528,413,False,45919049.0,46289333.0,35.0,5941.54165,3.2199999999999998
1882263,2021-04-18,SP,,state,2746217,88350,412,False,45919049.0,46289333.0,35.0,5932.721039999999,3.2199999999999998
1882264,2021-04-17,SP,,state,2739823,88097,411,False,45919049.0,46289333.0,35.0,5918.907929999999,3.2199999999999998
1882265,2021-04-16,SP,,state,2722077,87326,410,False,45919049.0,46289333.0,35.0,5880.5708,3.2099999999999995
1882266,2021-04-15,SP,,state,2704098,86535,409,False,45919049.0,46289333.0,35.0,5841.730320000001,3.2
1882267,2021-04-14,SP,,state,2686031,85475,408,False,45919049.0,46289333.0,35.0,5802.699729999999,3.18
1882268,2021-04-13,SP,,state,2667241,84380,407,False,45919049.0,46289333.0,35.0,5762.10722,3.16
1882269,2021-04-12,SP,,state,2648844,83098,406,False,45919049.0,46289333.0,35.0,5722.36372,3.1399999999999997
1882270,2021-04-11,SP,,state,2643534,82917,405,False,45919049.0,46289333.0,35.0,5710.8924,3.1399999999999997
1882271,2021-04-10,SP,,state,2635378,82407,404,False,45919049.0,46289333.0,35.0,5693.27279,3.1300000000000003
1882272,2021-04-09,SP,,state,2618067,81750,403,False,45919049.0,46289333.0,35.0,5655.8754,3.1199999999999997
1882273,2021-04-08,SP,,state,2597366,80742,402,False,45919049.0,46289333.0,35.0,5611.15452,3.11
1882274,2021-04-07,SP,,state,2576362,79443,401,False,45919049.0,46289333.0,35.0,5565.77905,3.08
1882275,2021-04-06,SP,,state,2554841,78554,400,False,45919049.0,46289333.0,35.0,5519.2867,3.0700000000000003
1882276,2021-04-05,SP,,state,2532047,77165,399,False,45919049.0,46289333.0,35.0,5470.04425,3.05
1882277,2021-04-04,SP,,state,2527400,77020,398,False,45919049.0,46289333.0,35.0,5460.00522,3.05
1882278,2021-04-03,SP,,state,2520204,76750,397,False,45919049.0,46289333.0,35.0,5444.45953,3.05
1882279,2021-04-02,SP,,state,2513178,76552,396,False,45919049.0,46289333.0,35.0,5429.28108,3.05
1882280,2021-04-01,SP,,state,2496416,75734,395,False,45919049.0,46289333.0,35.0,5393.06972,3.0300000000000002
1882281,2021-03-31,SP,,state,2469849,74652,394,False,45919049.0,46289333.0,35.0,5335.67636,3.02
1882282,2021-03-30,SP,,state,2446680,73492,393,False,45919049.0,46289333.0,35.0,5285.6238,3.0
1882283,2021-03-29,SP,,state,2425320,72283,392,False,45919049.0,46289333.0,35.0,5239.47926,2.98
1882284,2021-03-28,SP,,state,2420100,71991,391,False,45919049.0,46289333.0,35.0,5228.20236,2.97
1882285,2021-03-27,SP,,state,2410498,71747,390,False,45919049.0,46289333.0,35.0,5207.45892,2.98
1882286,2021-03-26,SP,,state,2392374,70696,389,False,45919049.0,46289333.0,35.0,5168.30519,2.96
1882287,2021-03-25,SP,,state,2370885,69503,388,False,45919049.0,46289333.0,35.0,5121.88197,2.93
1882288,2021-03-24,SP,,state,2352438,68904,387,False,45919049.0,46289333.0,35.0,5082.03045,2.93
1882289,2021-03-23,SP,,state,2332043,68623,386,False,45919049.0,46289333.0,35.0,5037.97063,2.94
1882290,2021-03-22,SP,,state,2311101,67602,385,False,45919049.0,46289333.0,35.0,4992.7291,2.93
1882291,2021-03-21,SP,,state,2306326,67558,384,False,45919049.0,46289333.0,35.0,4982.41355,2.93
1882292,2021-03-20,SP,,state,2298061,67414,383,False,45919049.0,46289333.0,35.0,4964.55847,2.93
1882293,2021-03-19,SP,,state,2280033,66798,382,False,45919049.0,46289333.0,35.0,4925.6121299999995,2.93
1882294,2021-03-18,SP,,state,2261360,66178,381,False,45919049.0,46289333.0,35.0,4885.272379999999,2.93
1882295,2021-03-17,SP,,state,2243868,65519,380,False,45919049.0,46289333.0,35.0,4847.48398,2.92
1882296,2021-03-16,SP,,state,2225926,64902,379,False,45919049.0,46289333.0,35.0,4808.72343,2.92
1882297,2021-03-15,SP,,state,2208242,64223,378,False,45919049.0,46289333.0,35.0,4770.52024,2.91
1882298,2021-03-14,SP,,state,2202983,64123,377,False,45919049.0,46289333.0,35.0,4759.15909,2.91
1882299,2021-03-13,SP,,state,2195130,63965,376,False,45919049.0,46289333.0,35.0,4742.19406,2.91
1882300,2021-03-12,SP,,state,2179786,63531,375,False,45919049.0,46289333.0,35.0,4709.0460299999995,2.91
1882301,2021-03-11,SP,,state,2164066,63010,374,False,45919049.0,46289333.0,35.0,4675.08573,2.91
1882302,2021-03-10,SP,,state,2149561,62570,373,False,45919049.0,46289333.0,35.0,4643.75021,2.91
1882303,2021-03-09,SP,,state,2134020,62101,372,False,45919049.0,46289333.0,35.0,4610.1766,2.91
1882304,2021-03-08,SP,,state,2117962,61584,371,False,45919049.0,46289333.0,35.0,4575.48611,2.91
1882305,2021-03-07,SP,,state,2113738,61463,370,False,45919049.0,46289333.0,35.0,4566.36089,2.91
1882306,2021-03-06,SP,,state,2107687,61417,369,False,45919049.0,46289333.0,35.0,4553.28877,2.91
1882307,2021-03-05,SP,,state,2093924,61064,368,False,45919049.0,46289333.0,35.0,4523.55622,2.92
1882308,2021-03-04,SP,,state,2080852,60694,367,False,45919049.0,46289333.0,35.0,4495.31645,2.92
1882309,2021-03-03,SP,,state,2068616,60381,366,False,45919049.0,46289333.0,35.0,4468.88271,2.92
1882310,2021-03-02,SP,,state,2054867,60014,365,False,45919049.0,46289333.0,35.0,4439.1804,2.92
1882311,2021-03-01,SP,,state,2044699,59546,364,False,45919049.0,46289333.0,35.0,4417.214220000001,2.91
1882312,2021-02-28,SP,,state,2041628,59493,363,False,45919049.0,46289333.0,35.0,4410.57986,2.91
1882313,2021-02-27,SP,,state,2037267,59428,362,False,45919049.0,46289333.0,35.0,4401.15869,2.92
1882314,2021-02-26,SP,,state,2026125,59129,361,False,45919049.0,46289333.0,35.0,4377.08835,2.92
1882315,2021-02-25,SP,,state,2014529,58873,360,False,45919049.0,46289333.0,35.0,4352.03722,2.92
1882316,2021-02-24,SP,,state,2002640,58528,359,False,45919049.0,46289333.0,35.0,4326.35311,2.92
1882317,2021-02-23,SP,,state,1990554,58199,358,False,45919049.0,46289333.0,35.0,4300.2434299999995,2.92
1882318,2021-02-22,SP,,state,1978477,57842,357,False,45919049.0,46289333.0,35.0,4274.153179999999,2.92
1882319,2021-02-21,SP,,state,1975927,57799,356,False,45919049.0,46289333.0,35.0,4268.64435,2.93
1882320,2021-02-20,SP,,state,1971423,57743,355,False,45919049.0,46289333.0,35.0,4258.91425,2.93
1882321,2021-02-19,SP,,state,1960564,57499,354,False,45919049.0,46289333.0,35.0,4235.45528,2.93
1882322,2021-02-18,SP,,state,1949459,57240,353,False,45919049.0,46289333.0,35.0,4211.464870000001,2.94
1882323,2021-02-17,SP,,state,1938712,56960,352,False,45919049.0,46289333.0,35.0,4188.24786,2.94
1882324,2021-02-16,SP,,state,1927410,56702,351,False,45919049.0,46289333.0,35.0,4163.83187,2.94
1882325,2021-02-15,SP,,state,1915914,56304,350,False,45919049.0,46289333.0,35.0,4138.996770000001,2.94
1882326,2021-02-14,SP,,state,1913598,56266,349,False,45919049.0,46289333.0,35.0,4133.993460000001,2.94
1882327,2021-02-13,SP,,state,1911411,56191,348,False,45919049.0,46289333.0,35.0,4129.26883,2.94
1882328,2021-02-12,SP,,state,1901574,55971,347,False,45919049.0,46289333.0,35.0,4108.017720000001,2.94
1882329,2021-02-11,SP,,state,1889969,55742,346,False,45919049.0,46289333.0,35.0,4082.9471399999998,2.9499999999999997
1882330,2021-02-10,SP,,state,1878802,55419,345,False,45919049.0,46289333.0,35.0,4058.8228,2.9499999999999997
1882331,2021-02-09,SP,,state,1864977,55087,344,False,45919049.0,46289333.0,35.0,4028.9563,2.9499999999999997
1882332,2021-02-08,SP,,state,1851776,54663,343,False,45919049.0,46289333.0,35.0,4000.43785,2.9499999999999997
1882333,2021-02-07,SP,,state,1849334,54614,342,False,45919049.0,46289333.0,35.0,3995.16234,2.9499999999999997
1882334,2021-02-06,SP,,state,1845086,54545,341,False,45919049.0,46289333.0,35.0,3985.98528,2.96
1882335,2021-02-05,SP,,state,1833163,54324,340,False,45919049.0,46289333.0,35.0,3960.2277299999996,2.96
1882336,2021-02-04,SP,,state,1820941,53997,339,False,45919049.0,46289333.0,35.0,3933.82424,2.97
1882337,2021-02-03,SP,,state,1807009,53704,338,False,45919049.0,46289333.0,35.0,3903.7265899999998,2.97
1882338,2021-02-02,SP,,state,1794019,53455,337,False,45919049.0,46289333.0,35.0,3875.6639700000005,2.98
1882339,2021-02-01,SP,,state,1779722,53090,336,False,45919049.0,46289333.0,35.0,3844.7778,2.98
1882340,2021-01-31,SP,,state,1777368,53034,335,False,45919049.0,46289333.0,35.0,3839.6924,2.98
1882341,2021-01-30,SP,,state,1773024,52954,334,False,45919049.0,46289333.0,35.0,3830.30795,2.9899999999999998
1882342,2021-01-29,SP,,state,1759957,52722,333,False,45919049.0,46289333.0,35.0,3802.07898,3.0
1882343,2021-01-28,SP,,state,1746070,52481,332,False,45919049.0,46289333.0,35.0,3772.07855,3.01
1882344,2021-01-27,SP,,state,1731294,52170,331,False,45919049.0,46289333.0,35.0,3740.15759,3.01
1882345,2021-01-26,SP,,state,1715253,51838,330,False,45919049.0,46289333.0,35.0,3705.50381,3.02
1882346,2021-01-25,SP,,state,1702294,51556,329,False,45919049.0,46289333.0,35.0,3677.5081600000003,3.0300000000000002
1882347,2021-01-24,SP,,state,1699427,51502,328,False,45919049.0,46289333.0,35.0,3671.31451,3.0300000000000002
1882348,2021-01-23,SP,,state,1694355,51423,327,False,45919049.0,46289333.0,35.0,3660.35734,3.0300000000000002
1882349,2021-01-22,SP,,state,1679759,51192,326,False,45919049.0,46289333.0,35.0,3628.8252399999997,3.05
1882350,2021-01-21,SP,,state,1670754,50938,325,False,45919049.0,46289333.0,35.0,3609.37152,3.05
1882351,2021-01-20,SP,,state,1658636,50652,324,False,45919049.0,46289333.0,35.0,3583.1927,3.05
1882352,2021-01-19,SP,,state,1644225,50318,323,False,45919049.0,46289333.0,35.0,3552.06026,3.06
1882353,2021-01-18,SP,,state,1628272,49987,322,False,45919049.0,46289333.0,35.0,3517.5965899999997,3.0700000000000003
1882354,2021-01-17,SP,,state,1625339,49945,321,False,45919049.0,46289333.0,35.0,3511.26036,3.0700000000000003
1882355,2021-01-16,SP,,state,1619619,49885,320,False,45919049.0,46289333.0,35.0,3498.9033,3.08
1882356,2021-01-15,SP,,state,1605845,49600,319,False,45919049.0,46289333.0,35.0,3469.1469799999995,3.09
1882357,2021-01-14,SP,,state,1590829,49289,318,False,45919049.0,46289333.0,35.0,3436.70755,3.1
1882358,2021-01-13,SP,,state,1577119,48985,317,False,45919049.0,46289333.0,35.0,3407.08949,3.11
1882359,2021-01-12,SP,,state,1561844,48662,316,False,45919049.0,46289333.0,35.0,3374.0905299999995,3.1199999999999997
1882360,2021-01-11,SP,,state,1549142,48379,315,False,45919049.0,46289333.0,35.0,3346.65008,3.1199999999999997
1882361,2021-01-10,SP,,state,1546132,48351,314,False,45919049.0,46289333.0,35.0,3340.1475,3.1300000000000003
1882362,2021-01-09,SP,,state,1540513,48298,313,False,45919049.0,46289333.0,35.0,3328.00864,3.1399999999999997
1882363,2021-01-08,SP,,state,1528952,48029,312,False,45919049.0,46289333.0,35.0,3303.03312,3.1399999999999997
1882364,2021-01-07,SP,,state,1515158,47768,311,False,45919049.0,46289333.0,35.0,3273.2336,3.15
1882365,2021-01-06,SP,,state,1501085,47511,310,False,45919049.0,46289333.0,35.0,3242.83135,3.17
1882366,2021-01-05,SP,,state,1486551,47222,309,False,45919049.0,46289333.0,35.0,3211.43318,3.18
1882367,2021-01-04,SP,,state,1473670,46888,308,False,45919049.0,46289333.0,35.0,3183.6060399999997,3.18
1882368,2021-01-03,SP,,state,1471422,46845,307,False,45919049.0,46289333.0,35.0,3178.7496300000003,3.18
1882369,2021-01-02,SP,,state,1467953,46808,306,False,45919049.0,46289333.0,35.0,3171.2554600000003,3.19
1882370,2021-01-01,SP,,state,1466191,46775,305,False,45919049.0,46289333.0,35.0,3167.44897,3.19
1882371,2020-12-31,SP,,state,1462297,46717,304,False,45919049.0,46289333.0,35.0,3159.03666,3.19
1882372,2020-12-30,SP,,state,1452078,46477,303,False,45919049.0,46289333.0,35.0,3136.9603,3.2
1882373,2020-12-29,SP,,state,1440229,46195,302,False,45919049.0,46289333.0,35.0,3111.36261,3.2099999999999995
1882374,2020-12-28,SP,,state,1427752,45902,301,False,45919049.0,46289333.0,35.0,3084.4082399999998,3.2099999999999995
1882375,2020-12-27,SP,,state,1426176,45863,300,False,45919049.0,46289333.0,35.0,3081.00357,3.2199999999999998
1882376,2020-12-26,SP,,state,1423340,45808,299,False,45919049.0,46289333.0,35.0,3074.8768800000003,3.2199999999999998
1882377,2020-12-25,SP,,state,1422087,45795,298,False,45919049.0,46289333.0,35.0,3072.17,3.2199999999999998
1882378,2020-12-24,SP,,state,1418491,45758,297,False,45919049.0,46289333.0,35.0,3064.40147,3.2300000000000004
1882379,2020-12-23,SP,,state,1409140,45576,296,False,45919049.0,46289333.0,35.0,3044.20027,3.2300000000000004
1882380,2020-12-22,SP,,state,1398757,45395,295,False,45919049.0,46289333.0,35.0,3021.76962,3.25
1882381,2020-12-21,SP,,state,1388043,45136,294,False,45919049.0,46289333.0,35.0,2998.62389,3.25
1882382,2020-12-20,SP,,state,1384100,45029,293,False,45919049.0,46289333.0,35.0,2990.10573,3.25
1882383,2020-12-19,SP,,state,1384100,45029,292,False,45919049.0,46289333.0,35.0,2990.10573,3.25
1882384,2020-12-18,SP,,state,1371653,44878,291,False,45919049.0,46289333.0,35.0,2963.21617,3.27
1882385,2020-12-17,SP,,state,1361731,44681,290,False,45919049.0,46289333.0,35.0,2941.78143,3.2800000000000002
1882386,2020-12-15,SP,,state,1341428,44282,289,False,45919049.0,46289333.0,35.0,2897.92035,3.3000000000000003
1882387,2020-12-14,SP,,state,1337016,44050,288,False,45919049.0,46289333.0,35.0,2888.38899,3.29
1882388,2020-12-13,SP,,state,1334703,44018,287,False,45919049.0,46289333.0,35.0,2883.3921600000003,3.3000000000000003
1882389,2020-12-12,SP,,state,1333763,43971,286,False,45919049.0,46289333.0,35.0,2881.36146,3.3000000000000003
1882390,2020-12-11,SP,,state,1325162,43802,285,False,45919049.0,46289333.0,35.0,2862.7805,3.3099999999999996
1882391,2020-12-10,SP,,state,1316371,43661,284,False,45919049.0,46289333.0,35.0,2843.7890899999998,3.32
1882392,2020-12-09,SP,,state,1306585,43461,283,False,45919049.0,46289333.0,35.0,2822.64815,3.3300000000000005
1882393,2020-12-08,SP,,state,1296801,43282,282,False,45919049.0,46289333.0,35.0,2801.51153,3.34
1882394,2020-12-07,SP,,state,1288878,43040,281,False,45919049.0,46289333.0,35.0,2784.39527,3.34
1882395,2020-12-06,SP,,state,1287762,43015,280,False,45919049.0,46289333.0,35.0,2781.98435,3.34
1882396,2020-12-05,SP,,state,1285087,42969,279,False,45919049.0,46289333.0,35.0,2776.20548,3.34
1882397,2020-12-04,SP,,state,1276149,42788,278,False,45919049.0,46289333.0,35.0,2756.8965,3.35
1882398,2020-12-03,SP,,state,1267912,42637,277,False,45919049.0,46289333.0,35.0,2739.1019,3.36
1882399,2020-12-02,SP,,state,1259704,42456,276,False,45919049.0,46289333.0,35.0,2721.36995,3.37
1882400,2020-12-01,SP,,state,1250590,42290,275,False,45919049.0,46289333.0,35.0,2701.68075,3.38
1882401,2020-11-30,SP,,state,1241653,42095,274,False,45919049.0,46289333.0,35.0,2682.37393,3.39
1882402,2020-11-29,SP,,state,1240473,42076,273,False,45919049.0,46289333.0,35.0,2679.82474,3.39
1882403,2020-11-28,SP,,state,1238094,42048,272,False,45919049.0,46289333.0,35.0,2674.6853300000002,3.4000000000000004
1882404,2020-11-27,SP,,state,1233587,41902,271,False,45919049.0,46289333.0,35.0,2664.94875,3.4000000000000004
1882405,2020-11-26,SP,,state,1229267,41773,270,False,45919049.0,46289333.0,35.0,2655.6161399999996,3.4000000000000004
1882406,2020-11-25,SP,,state,1224744,41601,269,False,45919049.0,46289333.0,35.0,2645.84499,3.4000000000000004
1882407,2020-11-24,SP,,state,1215844,41455,268,False,45919049.0,46289333.0,35.0,2626.6181,3.4099999999999997
1882408,2020-11-23,SP,,state,1210625,41276,267,False,45919049.0,46289333.0,35.0,2615.34337,3.4099999999999997
1882409,2020-11-22,SP,,state,1209588,41267,266,False,45919049.0,46289333.0,35.0,2613.10311,3.4099999999999997
1882410,2020-11-21,SP,,state,1205435,41256,265,False,45919049.0,46289333.0,35.0,2604.13128,3.42
1882411,2020-11-20,SP,,state,1200348,41179,264,False,45919049.0,46289333.0,35.0,2593.1417100000003,3.4299999999999997
1882412,2020-11-19,SP,,state,1191290,41074,263,False,45919049.0,46289333.0,35.0,2573.57348,3.45
1882413,2020-11-18,SP,,state,1184496,40927,262,False,45919049.0,46289333.0,35.0,2558.89624,3.46
1882414,2020-11-17,SP,,state,1178075,40749,261,False,45919049.0,46289333.0,35.0,2545.02479,3.46
1882415,2020-11-16,SP,,state,1169377,40576,260,False,45919049.0,46289333.0,35.0,2526.23428,3.47
1882416,2020-11-15,SP,,state,1168640,40564,259,False,45919049.0,46289333.0,35.0,2524.64212,3.47
1882417,2020-11-14,SP,,state,1167422,40549,258,False,45919049.0,46289333.0,35.0,2522.01085,3.47
1882418,2020-11-13,SP,,state,1162782,40202,257,False,45919049.0,46289333.0,35.0,2511.98694,3.46
1882419,2020-11-12,SP,,state,1156652,40202,256,False,45919049.0,46289333.0,35.0,2498.74415,3.4799999999999995
1882420,2020-11-11,SP,,state,1150872,39907,255,False,45919049.0,46289333.0,35.0,2486.25747,3.47
1882421,2020-11-10,SP,,state,1147451,39717,254,False,45919049.0,46289333.0,35.0,2478.867,3.46
1882422,2020-11-05,SP,,state,1125936,39717,253,False,45919049.0,46289333.0,35.0,2432.38761,3.53
1882423,2020-11-04,SP,,state,1123299,39549,252,False,45919049.0,46289333.0,35.0,2426.69083,3.52
1882424,2020-11-03,SP,,state,1118544,39364,251,False,45919049.0,46289333.0,35.0,2416.41849,3.52
1882425,2020-11-02,SP,,state,1117795,39346,250,False,45919049.0,46289333.0,35.0,2414.8004,3.52
1882426,2020-11-01,SP,,state,1117147,39331,249,False,45919049.0,46289333.0,35.0,2413.40051,3.52
1882427,2020-10-31,SP,,state,1116127,39311,248,False,45919049.0,46289333.0,35.0,2411.19698,3.52
1882428,2020-10-30,SP,,state,1113788,39255,247,False,45919049.0,46289333.0,35.0,2406.1439800000003,3.52
1882429,2020-10-29,SP,,state,1108860,39119,246,False,45919049.0,46289333.0,35.0,2395.4979,3.53
1882430,2020-10-28,SP,,state,1103582,39007,245,False,45919049.0,46289333.0,35.0,2384.09571,3.53
1882431,2020-10-27,SP,,state,1098207,38885,244,False,45919049.0,46289333.0,35.0,2372.48396,3.54
1882432,2020-10-26,SP,,state,1092843,38753,243,False,45919049.0,46289333.0,35.0,2360.8959800000002,3.55
1882433,2020-10-25,SP,,state,1091980,38747,242,False,45919049.0,46289333.0,35.0,2359.0316199999997,3.55
1882434,2020-10-24,SP,,state,1089255,38726,241,False,45919049.0,46289333.0,35.0,2353.14473,3.56
1882435,2020-10-23,SP,,state,1083641,38608,240,False,45919049.0,46289333.0,35.0,2341.01667,3.56
1882436,2020-10-22,SP,,state,1076939,38482,239,False,45919049.0,46289333.0,35.0,2326.53817,3.5700000000000003
1882437,2020-10-21,SP,,state,1073261,38371,238,False,45919049.0,46289333.0,35.0,2318.59249,3.58
1882438,2020-10-20,SP,,state,1068962,38246,237,False,45919049.0,46289333.0,35.0,2309.30526,3.58
1882439,2020-10-19,SP,,state,1064039,38035,236,False,45919049.0,46289333.0,35.0,2298.66998,3.5700000000000003
1882440,2020-10-18,SP,,state,1063602,38020,235,False,45919049.0,46289333.0,35.0,2297.72591,3.5700000000000003
1882441,2020-10-17,SP,,state,1062634,37992,234,False,45919049.0,46289333.0,35.0,2295.63472,3.58
1882442,2020-10-16,SP,,state,1057240,37870,233,False,45919049.0,46289333.0,35.0,2283.98193,3.58
1882443,2020-10-15,SP,,state,1051613,37690,232,False,45919049.0,46289333.0,35.0,2271.82578,3.58
1882444,2020-10-14,SP,,state,1045060,37541,231,False,45919049.0,46289333.0,35.0,2257.66917,3.5900000000000003
1882445,2020-10-13,SP,,state,1039029,37314,230,False,45919049.0,46289333.0,35.0,2244.64025,3.5900000000000003
1882446,2020-10-12,SP,,state,1038344,37279,229,False,45919049.0,46289333.0,35.0,2243.16043,3.5900000000000003
1882447,2020-10-11,SP,,state,1037660,37256,228,False,45919049.0,46289333.0,35.0,2241.68277,3.5900000000000003
1882448,2020-10-10,SP,,state,1034816,37223,227,False,45919049.0,46289333.0,35.0,2235.5388,3.5999999999999996
1882449,2020-10-09,SP,,state,1028190,37068,226,False,45919049.0,46289333.0,35.0,2221.22449,3.61
1882450,2020-10-08,SP,,state,1022404,36884,225,False,45919049.0,46289333.0,35.0,2208.72485,3.61
1882451,2020-10-07,SP,,state,1016755,36669,224,False,45919049.0,46289333.0,35.0,2196.52117,3.61
1882452,2020-10-06,SP,,state,1010839,36490,223,False,45919049.0,46289333.0,35.0,2183.7406899999996,3.61
1882453,2020-10-05,SP,,state,1004579,36220,222,False,45919049.0,46289333.0,35.0,2170.21706,3.61
1882454,2020-10-04,SP,,state,1003902,36178,221,False,45919049.0,46289333.0,35.0,2168.75452,3.5999999999999996
1882455,2020-10-03,SP,,state,1003429,36136,220,False,45919049.0,46289333.0,35.0,2167.73268,3.5999999999999996
1882456,2020-10-02,SP,,state,997333,35956,219,False,45919049.0,46289333.0,35.0,2154.5633399999997,3.61
1882457,2020-10-01,SP,,state,991725,35804,218,False,45919049.0,46289333.0,35.0,2142.4482399999997,3.61
1882458,2020-09-30,SP,,state,985628,35622,217,False,45919049.0,46289333.0,35.0,2129.27674,3.61
1882459,2020-09-29,SP,,state,979519,35391,216,False,45919049.0,46289333.0,35.0,2116.07931,3.61
1882460,2020-09-28,SP,,state,973142,35125,215,False,45919049.0,46289333.0,35.0,2102.30292,3.61
1882461,2020-09-27,SP,,state,972237,35108,214,False,45919049.0,46289333.0,35.0,2100.34783,3.61
1882462,2020-09-26,SP,,state,970888,35063,213,False,45919049.0,46289333.0,35.0,2097.43355,3.61
1882463,2020-09-25,SP,,state,964921,34877,212,False,45919049.0,46289333.0,35.0,2084.5428899999997,3.61
1882464,2020-09-24,SP,,state,958240,34677,211,False,45919049.0,46289333.0,35.0,2070.1097600000003,3.62
1882465,2020-09-23,SP,,state,951973,34492,210,False,45919049.0,46289333.0,35.0,2056.571,3.62
1882466,2020-09-22,SP,,state,945422,34266,209,False,45919049.0,46289333.0,35.0,2042.4187100000001,3.62
1882467,2020-09-21,SP,,state,937332,33984,208,False,45919049.0,46289333.0,35.0,2024.9416899999999,3.63
1882468,2020-09-20,SP,,state,935300,33952,207,False,45919049.0,46289333.0,35.0,2020.5519100000001,3.63
1882469,2020-09-19,SP,,state,931673,33927,206,False,45919049.0,46289333.0,35.0,2012.7164100000002,3.64
1882470,2020-09-18,SP,,state,924532,33678,205,False,45919049.0,46289333.0,35.0,1997.28953,3.64
1882471,2020-09-17,SP,,state,916821,33472,204,False,45919049.0,46289333.0,35.0,1980.63126,3.65
1882472,2020-09-16,SP,,state,909428,33253,203,False,45919049.0,46289333.0,35.0,1964.6599800000001,3.66
1882473,2020-09-15,SP,,state,901271,32963,202,False,45919049.0,46289333.0,35.0,1947.0382100000002,3.66
1882474,2020-09-14,SP,,state,893349,32642,201,False,45919049.0,46289333.0,35.0,1929.9241100000002,3.65
1882475,2020-09-13,SP,,state,892257,32606,200,False,45919049.0,46289333.0,35.0,1927.56504,3.65
1882476,2020-09-12,SP,,state,890690,32567,199,False,45919049.0,46289333.0,35.0,1924.17981,3.66
1882477,2020-09-11,SP,,state,882809,32338,198,False,45919049.0,46289333.0,35.0,1907.15429,3.66
1882478,2020-09-10,SP,,state,874754,32104,197,False,45919049.0,46289333.0,35.0,1889.75287,3.6700000000000004
1882479,2020-09-09,SP,,state,866576,31821,196,False,45919049.0,46289333.0,35.0,1872.0857399999998,3.6700000000000004
1882480,2020-09-08,SP,,state,858783,31430,195,False,45919049.0,46289333.0,35.0,1855.2503199999999,3.66
1882481,2020-09-07,SP,,state,857330,31377,194,False,45919049.0,46289333.0,35.0,1852.1113699999999,3.66
1882482,2020-09-06,SP,,state,855722,31353,193,False,45919049.0,46289333.0,35.0,1848.6375699999999,3.66
1882483,2020-09-05,SP,,state,853085,31313,192,False,45919049.0,46289333.0,35.0,1842.9407899999999,3.6700000000000004
1882484,2020-09-04,SP,,state,845016,31091,191,False,45919049.0,46289333.0,35.0,1825.5091300000001,3.6799999999999997
1882485,2020-09-03,SP,,state,837978,30905,190,False,45919049.0,46289333.0,35.0,1810.3047600000002,3.6900000000000004
1882486,2020-09-02,SP,,state,826331,30673,189,False,45919049.0,46289333.0,35.0,1785.1434600000002,3.71
1882487,2020-09-01,SP,,state,814375,30375,188,False,45919049.0,46289333.0,35.0,1759.3146100000001,3.73
1882488,2020-08-31,SP,,state,804342,30014,187,False,45919049.0,46289333.0,35.0,1737.64007,3.73
1882489,2020-08-30,SP,,state,803404,29978,186,False,45919049.0,46289333.0,35.0,1735.61369,3.73
1882490,2020-08-29,SP,,state,801422,29944,185,False,45919049.0,46289333.0,35.0,1731.3319199999999,3.74
1882491,2020-08-28,SP,,state,796209,29694,184,False,45919049.0,46289333.0,35.0,1720.07015,3.73
1882492,2020-08-27,SP,,state,784453,29415,183,False,45919049.0,46289333.0,35.0,1694.67337,3.75
1882493,2020-08-26,SP,,state,776135,29194,182,False,45919049.0,46289333.0,35.0,1676.70379,3.7600000000000002
1882494,2020-08-25,SP,,state,765670,28912,181,False,45919049.0,46289333.0,35.0,1654.09599,3.7800000000000002
1882495,2020-08-24,SP,,state,756480,28505,180,False,45919049.0,46289333.0,35.0,1634.2426,3.7699999999999996
1882496,2020-08-23,SP,,state,754129,28467,179,False,45919049.0,46289333.0,35.0,1629.16368,3.7699999999999996
1882497,2020-08-22,SP,,state,749244,28392,178,False,45919049.0,46289333.0,35.0,1618.61049,3.7900000000000005
1882498,2020-08-21,SP,,state,735960,28155,177,False,45919049.0,46289333.0,35.0,1589.91273,3.83
1882499,2020-08-20,SP,,state,730828,27905,176,False,45919049.0,46289333.0,35.0,1578.82595,3.82
1882500,2020-08-19,SP,,state,721377,27591,175,False,45919049.0,46289333.0,35.0,1558.40872,3.82
1882501,2020-08-18,SP,,state,711530,27315,174,False,45919049.0,46289333.0,35.0,1537.136,3.84
1882502,2020-08-17,SP,,state,702665,26899,173,False,45919049.0,46289333.0,35.0,1517.98472,3.83
1882503,2020-08-16,SP,,state,699493,26852,172,False,45919049.0,46289333.0,35.0,1511.1321699999999,3.84
1882504,2020-08-15,SP,,state,697530,26780,171,False,45919049.0,46289333.0,35.0,1506.89145,3.84
1882505,2020-08-14,SP,,state,686122,26613,170,False,45919049.0,46289333.0,35.0,1482.24646,3.88
1882506,2020-08-13,SP,,state,674455,26324,169,False,45919049.0,46289333.0,35.0,1457.04195,3.9
1882507,2020-08-12,SP,,state,655181,25869,168,False,45919049.0,46289333.0,35.0,1415.40385,3.95
1882508,2020-08-11,SP,,state,639562,25571,167,False,45919049.0,46289333.0,35.0,1381.66173,4.0
1882509,2020-08-10,SP,,state,628415,25151,166,False,45919049.0,46289333.0,35.0,1357.58059,4.0
1882510,2020-08-09,SP,,state,627126,25114,165,False,45919049.0,46289333.0,35.0,1354.79593,4.0
1882511,2020-08-08,SP,,state,621731,25016,164,False,45919049.0,46289333.0,35.0,1343.1409800000001,4.02
1882512,2020-08-07,SP,,state,608379,24735,163,False,45919049.0,46289333.0,35.0,1314.29632,4.07
1882513,2020-08-06,SP,,state,598670,24448,162,False,45919049.0,46289333.0,35.0,1293.32172,4.08
1882514,2020-08-05,SP,,state,585265,24109,161,False,45919049.0,46289333.0,35.0,1264.36257,4.12
1882515,2020-08-04,SP,,state,575589,23702,160,False,45919049.0,46289333.0,35.0,1243.4592699999998,4.12
1882516,2020-08-03,SP,,state,560218,23365,159,False,45919049.0,46289333.0,35.0,1210.25291,4.17
1882517,2020-08-02,SP,,state,558685,23317,158,False,45919049.0,46289333.0,35.0,1206.9411300000002,4.17
1882518,2020-08-01,SP,,state,552318,23236,157,False,45919049.0,46289333.0,35.0,1193.18634,4.21
1882519,2020-07-31,SP,,state,542304,22997,156,False,45919049.0,46289333.0,35.0,1171.55285,4.24
1882520,2020-07-30,SP,,state,529006,22710,155,False,45919049.0,46289333.0,35.0,1142.82485,4.29
1882521,2020-07-29,SP,,state,514197,22389,154,False,45919049.0,46289333.0,35.0,1110.8326,4.35
1882522,2020-07-28,SP,,state,500301,22059,153,False,45919049.0,46289333.0,35.0,1080.81272,4.41
1882523,2020-07-27,SP,,state,487654,21676,152,False,45919049.0,46289333.0,35.0,1053.49109,4.44
1882524,2020-07-26,SP,,state,483982,21606,151,False,45919049.0,46289333.0,35.0,1045.5583800000002,4.46
1882525,2020-07-25,SP,,state,479481,21517,150,False,45919049.0,46289333.0,35.0,1035.83476,4.49
1882526,2020-07-24,SP,,state,463218,21206,149,False,45919049.0,46289333.0,35.0,1000.7013900000001,4.58
1882527,2020-07-23,SP,,state,452007,20894,148,False,45919049.0,46289333.0,35.0,976.48199,4.62
1882528,2020-07-22,SP,,state,439446,20532,147,False,45919049.0,46289333.0,35.0,949.34615,4.67
1882529,2020-07-21,SP,,state,422669,20171,146,False,45919049.0,46289333.0,35.0,913.10238,4.77
1882530,2020-07-20,SP,,state,416434,19788,145,False,45919049.0,46289333.0,35.0,899.63275,4.75
1882531,2020-07-19,SP,,state,415049,19732,144,False,45919049.0,46289333.0,35.0,896.6407,4.75
1882532,2020-07-18,SP,,state,412027,19647,143,False,45919049.0,46289333.0,35.0,890.1122,4.77
1882533,2020-07-17,SP,,state,407415,19377,142,False,45919049.0,46289333.0,35.0,880.1487800000001,4.760000000000001
1882534,2020-07-16,SP,,state,402048,19038,141,False,45919049.0,46289333.0,35.0,868.55432,4.74
1882535,2020-07-15,SP,,state,393176,18640,140,False,45919049.0,46289333.0,35.0,849.3879099999999,4.74
1882536,2020-07-14,SP,,state,386607,18324,139,False,45919049.0,46289333.0,35.0,835.1967400000001,4.74
1882537,2020-07-13,SP,,state,374607,17907,138,False,45919049.0,46289333.0,35.0,809.2728400000001,4.78
1882538,2020-07-12,SP,,state,371997,17848,137,False,45919049.0,46289333.0,35.0,803.63439,4.8
1882539,2020-07-11,SP,,state,366890,17702,136,False,45919049.0,46289333.0,35.0,792.6016099999999,4.82
1882540,2020-07-10,SP,,state,359110,17442,135,False,45919049.0,46289333.0,35.0,775.79429,4.859999999999999
1882541,2020-07-09,SP,,state,349715,17118,134,False,45919049.0,46289333.0,35.0,755.49803,4.89
1882542,2020-07-08,SP,,state,341365,16788,133,False,45919049.0,46289333.0,35.0,737.45932,4.92
1882543,2020-07-07,SP,,state,332708,16475,132,False,45919049.0,46289333.0,35.0,718.75739,4.95
1882544,2020-07-06,SP,,state,323070,16134,131,False,45919049.0,46289333.0,35.0,697.9361700000001,4.99
1882545,2020-07-05,SP,,state,320179,16078,130,False,45919049.0,46289333.0,35.0,691.6906799999999,5.0200000000000005
1882546,2020-07-04,SP,,state,312530,15996,129,False,45919049.0,46289333.0,35.0,675.16635,5.12
1882547,2020-07-03,SP,,state,310517,15694,128,False,45919049.0,46289333.0,35.0,670.81762,5.050000000000001
1882548,2020-07-02,SP,,state,302179,15351,127,False,45919049.0,46289333.0,35.0,652.80483,5.08
1882549,2020-07-01,SP,,state,289935,15030,126,False,45919049.0,46289333.0,35.0,626.35381,5.18
1882550,2020-06-30,SP,,state,281380,14763,125,False,45919049.0,46289333.0,35.0,607.87223,5.25
1882551,2020-06-29,SP,,state,275145,14398,124,False,45919049.0,46289333.0,35.0,594.4026,5.2299999999999995
1882552,2020-06-28,SP,,state,271737,14338,123,False,45919049.0,46289333.0,35.0,587.04022,5.28
1882553,2020-06-27,SP,,state,265581,14263,122,False,45919049.0,46289333.0,35.0,573.74125,5.37
1882554,2020-06-26,SP,,state,258508,13966,121,False,45919049.0,46289333.0,35.0,558.46128,5.4
1882555,2020-06-25,SP,,state,248587,13759,120,False,45919049.0,46289333.0,35.0,537.02869,5.53
1882556,2020-06-24,SP,,state,238822,13352,119,False,45919049.0,46289333.0,35.0,515.93312,5.59
1882557,2020-06-23,SP,,state,229475,13068,118,False,45919049.0,46289333.0,35.0,495.74055999999996,5.6899999999999995
1882558,2020-06-22,SP,,state,221973,12634,117,False,45919049.0,46289333.0,35.0,479.53380999999996,5.6899999999999995
1882559,2020-06-21,SP,,state,219185,12588,116,False,45919049.0,46289333.0,35.0,473.51082,5.74
1882560,2020-06-20,SP,,state,215793,12494,115,False,45919049.0,46289333.0,35.0,466.183,5.79
1882561,2020-06-19,SP,,state,211658,12232,114,False,45919049.0,46289333.0,35.0,457.25005,5.779999999999999
1882562,2020-06-18,SP,,state,192628,11846,113,False,45919049.0,46289333.0,35.0,416.13907,6.15
1882563,2020-06-17,SP,,state,191517,11521,112,False,45919049.0,46289333.0,35.0,413.73895,6.02
1882564,2020-06-16,SP,,state,190285,11132,111,False,45919049.0,46289333.0,35.0,411.07743,5.8500000000000005
1882565,2020-06-15,SP,,state,181460,10767,110,False,45919049.0,46289333.0,35.0,392.01256,5.93
1882566,2020-06-14,SP,,state,178202,10694,109,False,45919049.0,46289333.0,35.0,384.97422,6.0
1882567,2020-06-13,SP,,state,172875,10581,108,False,45919049.0,46289333.0,35.0,373.46617000000003,6.12
1882568,2020-06-12,SP,,state,167900,10368,107,False,45919049.0,46289333.0,35.0,362.71856,6.18
1882569,2020-06-11,SP,,state,162520,10145,106,False,45919049.0,46289333.0,35.0,351.09601000000004,6.239999999999999
1882570,2020-06-10,SP,,state,156316,9862,105,False,45919049.0,46289333.0,35.0,337.69335,6.3100000000000005
1882571,2020-06-09,SP,,state,150138,9522,104,False,45919049.0,46289333.0,35.0,324.34686,6.34
1882572,2020-06-08,SP,,state,144593,9188,103,False,45919049.0,46289333.0,35.0,312.36786,6.35
1882573,2020-06-07,SP,,state,143073,9145,102,False,45919049.0,46289333.0,35.0,309.08417000000003,6.39
1882574,2020-06-06,SP,,state,140549,9058,101,False,45919049.0,46289333.0,35.0,303.63151,6.4399999999999995
1882575,2020-06-05,SP,,state,134565,8842,100,False,45919049.0,46289333.0,35.0,290.70412000000005,6.569999999999999
1882576,2020-06-04,SP,,state,129200,8561,99,False,45919049.0,46289333.0,35.0,279.11397999999997,6.63
1882577,2020-06-03,SP,,state,123483,8276,98,False,45919049.0,46289333.0,35.0,266.7634,6.7
1882578,2020-06-02,SP,,state,118295,7994,97,False,45919049.0,46289333.0,35.0,255.55563999999998,6.76
1882579,2020-06-01,SP,,state,111296,7667,96,False,45919049.0,46289333.0,35.0,240.43552000000003,6.890000000000001
1882580,2020-05-31,SP,,state,109698,7615,95,False,45919049.0,46289333.0,35.0,236.98332000000002,6.94
1882581,2020-05-30,SP,,state,107142,7532,94,False,45919049.0,46289333.0,35.0,231.46152999999998,7.03
1882582,2020-05-29,SP,,state,101556,7275,93,False,45919049.0,46289333.0,35.0,219.39396000000002,7.16
1882583,2020-05-28,SP,,state,95865,6980,92,False,45919049.0,46289333.0,35.0,207.09955,7.28
1882584,2020-05-27,SP,,state,89483,6712,91,False,45919049.0,46289333.0,35.0,193.31236,7.5
1882585,2020-05-26,SP,,state,86017,6423,90,False,45919049.0,46289333.0,35.0,185.82467,7.470000000000001
1882586,2020-05-25,SP,,state,83625,6220,89,False,45919049.0,46289333.0,35.0,180.65717,7.4399999999999995
1882587,2020-05-24,SP,,state,82161,6163,88,False,45919049.0,46289333.0,35.0,177.49446,7.5
1882588,2020-05-23,SP,,state,80558,6045,87,False,45919049.0,46289333.0,35.0,174.03146,7.5
1882589,2020-05-22,SP,,state,76871,5773,86,False,45919049.0,46289333.0,35.0,166.06634,7.51
1882590,2020-05-21,SP,,state,73739,5558,85,False,45919049.0,46289333.0,35.0,159.3002,7.539999999999999
1882591,2020-05-20,SP,,state,69859,5363,84,False,45919049.0,46289333.0,35.0,150.91814,7.68
1882592,2020-05-19,SP,,state,65995,5147,83,False,45919049.0,46289333.0,35.0,142.57064,7.8
1882593,2020-05-18,SP,,state,63066,4823,82,False,45919049.0,46289333.0,35.0,136.24305,7.6499999999999995
1882594,2020-05-17,SP,,state,62345,4782,81,False,45919049.0,46289333.0,35.0,134.68546,7.670000000000001
1882595,2020-05-16,SP,,state,61183,4688,80,False,45919049.0,46289333.0,35.0,132.17516,7.66
1882596,2020-05-15,SP,,state,58378,4501,79,False,45919049.0,46289333.0,35.0,126.11545,7.71
1882597,2020-05-14,SP,,state,54286,4315,78,False,45919049.0,46289333.0,35.0,117.2754,7.95
1882598,2020-05-13,SP,,state,51097,4118,77,False,45919049.0,46289333.0,35.0,110.38611999999999,8.06
1882599,2020-05-12,SP,,state,47719,3949,76,False,45919049.0,46289333.0,35.0,103.08855,8.28
1882600,2020-05-11,SP,,state,46131,3743,75,False,45919049.0,46289333.0,35.0,99.65795,8.110000000000001
1882601,2020-05-10,SP,,state,45444,3709,74,False,45919049.0,46289333.0,35.0,98.17381,8.16
1882602,2020-05-09,SP,,state,44411,3608,73,False,45919049.0,46289333.0,35.0,95.94219,8.12
1882603,2020-05-08,SP,,state,41830,3416,72,False,45919049.0,46289333.0,35.0,90.36639,8.17
1882604,2020-05-07,SP,,state,39928,3206,71,False,45919049.0,46289333.0,35.0,86.25745,8.03
1882605,2020-05-06,SP,,state,37853,3045,70,False,45919049.0,46289333.0,35.0,81.77478,8.04
1882606,2020-05-05,SP,,state,34053,2851,69,False,45919049.0,46289333.0,35.0,73.56554,8.37
1882607,2020-05-04,SP,,state,32187,2654,68,False,45919049.0,46289333.0,35.0,69.53438,8.25
1882608,2020-05-03,SP,,state,31772,2627,67,False,45919049.0,46289333.0,35.0,68.63784,8.27
1882609,2020-05-02,SP,,state,31174,2586,66,False,45919049.0,46289333.0,35.0,67.34597,8.3
1882610,2020-05-01,SP,,state,30374,2511,65,False,45919049.0,46289333.0,35.0,65.61771,8.27
1882611,2020-04-30,SP,,state,28698,2375,64,False,45919049.0,46289333.0,35.0,61.997,8.28
1882612,2020-04-29,SP,,state,26158,2247,63,False,45919049.0,46289333.0,35.0,56.509780000000006,8.59
1882613,2020-04-28,SP,,state,24041,2049,62,False,45919049.0,46289333.0,35.0,51.936370000000004,8.52
1882614,2020-04-27,SP,,state,21696,1825,61,False,45919049.0,46289333.0,35.0,46.87041,8.41
1882615,2020-04-26,SP,,state,20715,1700,60,False,45919049.0,46289333.0,35.0,44.751129999999996,8.21
1882616,2020-04-25,SP,,state,20004,1667,59,False,45919049.0,46289333.0,35.0,43.215140000000005,8.33
1882617,2020-04-24,SP,,state,17826,1512,58,False,45919049.0,46289333.0,35.0,38.50995,8.48
1882618,2020-04-23,SP,,state,16740,1345,57,False,45919049.0,46289333.0,35.0,36.16384,8.03
1882619,2020-04-22,SP,,state,15914,1134,56,False,45919049.0,46289333.0,35.0,34.37941,7.13
1882620,2020-04-21,SP,,state,15385,1093,55,False,45919049.0,46289333.0,35.0,33.2366,7.1
1882621,2020-04-20,SP,,state,14580,1037,54,False,45919049.0,46289333.0,35.0,31.49754,7.109999999999999
1882622,2020-04-19,SP,,state,14267,1015,53,False,45919049.0,46289333.0,35.0,30.82136,7.109999999999999
1882623,2020-04-18,SP,,state,13894,991,52,False,45919049.0,46289333.0,35.0,30.01555,7.13
1882624,2020-04-17,SP,,state,12841,928,51,False,45919049.0,46289333.0,35.0,27.74073,7.23
1882625,2020-04-16,SP,,state,11568,853,50,False,45919049.0,46289333.0,35.0,24.99064,7.37
1882626,2020-04-15,SP,,state,11043,778,49,False,45919049.0,46289333.0,35.0,23.85647,7.049999999999999
1882627,2020-04-14,SP,,state,9371,695,48,False,45919049.0,46289333.0,35.0,20.2444,7.42
1882628,2020-04-13,SP,,state,8895,608,47,False,45919049.0,46289333.0,35.0,19.216089999999998,6.84
1882629,2020-04-12,SP,,state,8755,588,46,False,45919049.0,46289333.0,35.0,18.91364,6.72
1882630,2020-04-11,SP,,state,8419,560,45,False,45919049.0,46289333.0,35.0,18.18778,6.65
1882631,2020-04-10,SP,,state,8216,540,44,False,45919049.0,46289333.0,35.0,17.749229999999997,6.569999999999999
1882632,2020-04-09,SP,,state,7480,496,43,False,45919049.0,46289333.0,35.0,16.159229999999997,6.63
1882633,2020-04-08,SP,,state,6708,428,42,False,45919049.0,46289333.0,35.0,14.49146,6.38
1882634,2020-04-07,SP,,state,5682,371,41,False,45919049.0,46289333.0,35.0,12.27497,6.529999999999999
1882635,2020-04-06,SP,,state,4866,304,40,False,45919049.0,46289333.0,35.0,10.512139999999999,6.25
1882636,2020-04-05,SP,,state,4620,275,39,False,45919049.0,46289333.0,35.0,9.9807,5.949999999999999
1882637,2020-04-04,SP,,state,4466,260,38,False,45919049.0,46289333.0,35.0,9.648010000000001,5.82
1882638,2020-04-03,SP,,state,4048,219,37,False,45919049.0,46289333.0,35.0,8.745,5.41
1882639,2020-04-02,SP,,state,3506,188,36,False,45919049.0,46289333.0,35.0,7.5741,5.36
1882640,2020-04-01,SP,,state,2981,164,35,False,45919049.0,46289333.0,35.0,6.43993,5.5
1882641,2020-03-31,SP,,state,2339,136,34,False,45919049.0,46289333.0,35.0,5.053,5.81
1882642,2020-03-30,SP,,state,1517,113,33,False,45919049.0,46289333.0,35.0,3.2772099999999997,7.449999999999999
1882643,2020-03-29,SP,,state,1451,98,32,False,45919049.0,46289333.0,35.0,3.13463,6.75
1882644,2020-03-28,SP,,state,1406,84,31,False,45919049.0,46289333.0,35.0,3.03742,5.970000000000001
1882645,2020-03-27,SP,,state,1223,68,30,False,45919049.0,46289333.0,35.0,2.64208,5.56
1882646,2020-03-26,SP,,state,1052,58,29,False,45919049.0,46289333.0,35.0,2.2726599999999997,5.510000000000001
1882647,2020-03-25,SP,,state,862,48,28,False,45919049.0,46289333.0,35.0,1.8622,5.57
1882648,2020-03-24,SP,,state,810,40,27,False,45919049.0,46289333.0,35.0,1.7498599999999997,4.9399999999999995
1882649,2020-03-23,SP,,state,745,30,26,False,45919049.0,46289333.0,35.0,1.60944,4.03
1882650,2020-03-22,SP,,state,631,22,25,False,45919049.0,46289333.0,35.0,1.36317,3.49
1882651,2020-03-21,SP,,state,396,15,24,False,45919049.0,46289333.0,35.0,0.85549,3.7900000000000005
1882652,2020-03-20,SP,,state,396,9,23,False,45919049.0,46289333.0,35.0,0.85549,2.27
1882653,2020-03-19,SP,,state,286,5,22,False,45919049.0,46289333.0,35.0,0.61785,1.7500000000000002
1882654,2020-03-18,SP,,state,240,3,21,False,45919049.0,46289333.0,35.0,0.51848,1.25
1882655,2020-03-17,SP,,state,164,1,20,False,45919049.0,46289333.0,35.0,0.35429,0.61
1882656,2020-03-16,SP,,state,152,0,19,False,45919049.0,46289333.0,35.0,0.32837,0.0
1882657,2020-03-14,SP,,state,65,0,18,False,45919049.0,46289333.0,35.0,0.14042000000000002,0.0
1882658,2020-03-12,SP,,state,46,0,17,False,45919049.0,46289333.0,35.0,0.09937,0.0
1882659,2020-03-11,SP,,state,30,0,16,False,45919049.0,46289333.0,35.0,0.06481,0.0
1882660,2020-03-10,SP,,state,19,0,15,False,45919049.0,46289333.0,35.0,0.04105,0.0
1882661,2020-03-09,SP,,state,16,0,14,False,45919049.0,46289333.0,35.0,0.03457,0.0
1882662,2020-03-08,SP,,state,16,0,13,False,45919049.0,46289333.0,35.0,0.03457,0.0
1882663,2020-03-07,SP,,state,13,0,12,False,45919049.0,46289333.0,35.0,0.02808,0.0
1882664,2020-03-06,SP,,state,10,0,11,False,45919049.0,46289333.0,35.0,0.0216,0.0
1882665,2020-03-05,SP,,state,6,0,10,False,45919049.0,46289333.0,35.0,0.01296,0.0
1882666,2020-03-04,SP,,state,3,0,9,False,45919049.0,46289333.0,35.0,0.00648,0.0
1882667,2020-03-03,SP,,state,2,0,8,False,45919049.0,46289333.0,35.0,0.00432,0.0
1882668,2020-03-02,SP,,state,2,0,7,False,45919049.0,46289333.0,35.0,0.00432,0.0
1882669,2020-03-01,SP,,state,2,0,6,False,45919049.0,46289333.0,35.0,0.00432,0.0
1882670,2020-02-29,SP,,state,2,0,5,False,45919049.0,46289333.0,35.0,0.00432,0.0
1882671,2020-02-28,SP,,state,2,0,4,False,45919049.0,46289333.0,35.0,0.00432,0.0
1882672,2020-02-27,SP,,state,1,0,3,False,45919049.0,46289333.0,35.0,0.00216,0.0
1882673,2020-02-26,SP,,state,1,0,2,False,45919049.0,46289333.0,35.0,0.00216,0.0
1882674,2020-02-25,SP,,state,1,0,1,False,45919049.0,46289333.0,35.0,0.00216,0.0
